Year,Type,Country,Athlete,Sport,Medal,Age
1975,Winter,South Africa,Benjamin Spears,Ice Hockey,Silver,18
1975,Winter,South Korea,George Garcia,Speed Skating,Bronze,27
1975,Winter,Brazil,Randall Peters,Biathlon,,20
1975,Winter,Canada,Kimberly Lloyd,Ice Hockey,Bronze,22
1975,Winter,Canada,Kathleen Sherman,Figure Skating,Silver,33
1975,Winter,France,Dennis Brown,Bobsleigh,,26
1975,Winter,Japan,Ian Scott,Ice Hockey,Silver,34
1975,Winter,China,David Holland,Bobsleigh,Gold,29
1975,Winter,Brazil,Andrew Sloan,Ice Hockey,Gold,37
1975,Winter,UK,Jacob Carter,Biathlon,Gold,24
1975,Winter,Australia,Michelle Silva,Ice Hockey,Gold,40
1975,Winter,Canada,Joseph Benton,Snowboarding,Bronze,22
1975,Winter,Russia,George Evans,Skiing,,36
1975,Winter,Australia,Daniel Smith,Snowboarding,Silver,26
1975,Winter,UK,Ryan Cisneros,Bobsleigh,Bronze,38
1975,Winter,Australia,Vanessa Erickson,Speed Skating,Silver,24
1975,Winter,UK,Emily Walker,Snowboarding,Bronze,23
1975,Winter,China,Scott Hill,Curling,,20
1975,Winter,Canada,James Summers,Ice Hockey,,40
1975,Winter,India,Jerry Petersen,Speed Skating,Silver,36
1975,Winter,UK,Daniel Tran,Biathlon,,20
1975,Winter,UK,John Williams,Snowboarding,Silver,33
1975,Winter,UK,Anthony Peters,Bobsleigh,Silver,35
1975,Winter,Germany,Andre Rodriguez,Curling,Gold,35
1975,Winter,India,Jody Garcia,Speed Skating,Bronze,27
1975,Winter,South Korea,Benjamin Price,Biathlon,Bronze,32
1975,Winter,Australia,Carol Mejia,Ice Hockey,Gold,21
1975,Winter,Brazil,Luis Miller,Ice Hockey,Silver,38
1975,Winter,UK,Rebecca Nicholson,Curling,Silver,35
1975,Winter,Italy,Laurie Zhang,Figure Skating,,31
1975,Winter,Germany,Anthony Green,Figure Skating,Gold,21
1975,Winter,Canada,Victor Leblanc,Curling,Gold,28
1975,Winter,South Africa,William Pierce,Speed Skating,Gold,29
1975,Winter,South Africa,Emily Aguirre,Bobsleigh,Gold,19
1975,Winter,India,Caitlin Price,Biathlon,Silver,24
1975,Winter,UK,Jeremy James,Ice Hockey,Bronze,32
1975,Winter,South Korea,Stacey Chen,Bobsleigh,Silver,31
1975,Winter,South Korea,Gregory Juarez,Figure Skating,Gold,27
1975,Winter,China,Candice Mosley,Skiing,,30
1975,Winter,South Africa,Melinda Jones,Curling,Silver,21
1975,Winter,Russia,Brian Beasley,Speed Skating,,29
1975,Winter,USA,Peggy Smith MD,Ice Hockey,,18
1975,Winter,Japan,Scott Davis,Ice Hockey,,21
1975,Winter,USA,Amy Rodriguez,Figure Skating,,40
1975,Winter,Russia,Emily Davis,Curling,Silver,27
1975,Winter,Germany,John Morrison,Snowboarding,Gold,39
1975,Winter,Canada,Paul Brown,Curling,,18
1975,Winter,China,David Pugh,Speed Skating,Bronze,38
1975,Winter,India,Dustin Grimes,Curling,Bronze,20
1975,Winter,China,Shannon Hernandez,Biathlon,Silver,38
1975,Winter,France,Robin Carr,Speed Skating,Gold,36
1975,Winter,Australia,Charles Fischer,Bobsleigh,,34
1975,Winter,Brazil,Catherine Wright,Ice Hockey,Gold,36
1975,Winter,South Africa,Christopher Duran,Figure Skating,Silver,28
1975,Winter,Russia,Margaret Garcia,Ice Hockey,Silver,22
1975,Winter,Italy,Andrew Manning,Snowboarding,,40
1975,Winter,USA,Matthew Coleman,Figure Skating,Silver,19
1975,Winter,Canada,Richard Tanner,Figure Skating,Bronze,33
1975,Winter,Russia,Max Lopez,Speed Skating,,20
1975,Winter,Japan,Christopher Johns,Figure Skating,Bronze,18
1975,Winter,USA,John Meyers,Speed Skating,Silver,31
1975,Winter,China,Alexander Sullivan,Speed Skating,Gold,23
1975,Winter,Canada,Miguel Campbell,Speed Skating,Bronze,23
1975,Winter,Japan,Jonathan Garrett,Skiing,Bronze,19
1975,Winter,USA,Lori Williams,Snowboarding,Gold,22
1975,Winter,UK,Andre Vasquez,Biathlon,Gold,30
1975,Winter,Italy,Danny Johnson,Figure Skating,Bronze,38
1975,Winter,Australia,Jennifer Le,Bobsleigh,Gold,31
1975,Winter,Germany,Steven Vance,Biathlon,Silver,20
1975,Winter,Russia,Beth Shannon,Bobsleigh,Bronze,20
1975,Winter,Russia,Jason Nguyen,Curling,Bronze,40
1975,Winter,China,Alexander Mckay,Skiing,Bronze,37
1975,Winter,Brazil,Jonathan Butler,Speed Skating,Silver,28
1975,Winter,South Africa,Morgan Mendoza,Snowboarding,Bronze,29
1975,Winter,South Korea,Selena Wagner,Skiing,Bronze,33
1975,Winter,South Africa,Jason Lowe,Bobsleigh,Silver,39
1975,Winter,Japan,Jeffrey Waters,Snowboarding,,25
1975,Winter,Russia,James Hall,Curling,Silver,34
1975,Winter,South Africa,Michelle Fletcher,Bobsleigh,Silver,35
1975,Winter,UK,Elizabeth Murray,Ice Hockey,Silver,23
1975,Winter,UK,Ariel Bell,Speed Skating,Bronze,21
1975,Winter,Brazil,Cassandra Moyer,Speed Skating,Bronze,36
1975,Winter,Brazil,Stephanie Obrien,Speed Skating,Bronze,33
1975,Winter,Japan,John Williams,Figure Skating,,35
1975,Winter,Italy,Hannah Miller,Ice Hockey,,18
1975,Winter,USA,Patrick Cooper,Figure Skating,,22
1975,Winter,UK,Ashley Snyder,Snowboarding,Silver,20
1975,Winter,South Korea,Shawn Dean,Curling,Bronze,21
1975,Winter,Brazil,Carrie Johnson,Snowboarding,Silver,34
1975,Winter,Brazil,Wendy Pena,Curling,Gold,39
1975,Winter,USA,Jennifer Chandler,Ice Hockey,Gold,21
1975,Winter,South Korea,Chad Stokes,Biathlon,Bronze,26
1975,Winter,Japan,James Barnett,Bobsleigh,Gold,27
1975,Winter,USA,Rhonda Whitehead,Speed Skating,Bronze,18
1975,Winter,Italy,Antonio Parrish,Figure Skating,Gold,21
1975,Winter,Japan,Sara Herrera,Bobsleigh,Silver,21
1975,Winter,France,Heather Martin,Speed Skating,Bronze,37
1975,Winter,India,Jason Harvey,Curling,,36
1975,Winter,South Africa,Brittney Adams,Biathlon,Gold,38
1975,Winter,USA,Maria Cooper,Figure Skating,Silver,19
1975,Winter,South Africa,Kimberly Miller,Bobsleigh,Gold,19
1975,Winter,Australia,William Bruce,Curling,Bronze,19
1975,Winter,Italy,Lori Howard,Biathlon,,37
1975,Winter,Brazil,Eric Kennedy,Snowboarding,Gold,21
1975,Winter,South Korea,Bryan Humphrey,Biathlon,Bronze,27
1975,Winter,South Africa,Jeffrey Smith,Biathlon,,40
1975,Winter,Russia,Julie Bryan,Skiing,Silver,33
1975,Winter,France,Brandon Alvarez,Figure Skating,Silver,25
1975,Winter,Japan,Danielle Steele,Curling,Gold,34
1975,Winter,India,Judith Gonzalez,Figure Skating,Gold,23
1975,Winter,Canada,Amanda Wells,Biathlon,Bronze,36
1975,Winter,Australia,Karen Davis,Bobsleigh,Gold,29
1975,Winter,India,Travis Nguyen,Speed Skating,Silver,24
1975,Winter,Germany,Kathleen Hall,Snowboarding,Silver,27
1975,Winter,Brazil,Sarah Williams,Figure Skating,Silver,24
1975,Winter,USA,Jessica Rodriguez,Biathlon,,36
1975,Winter,Italy,Jessica Walker,Ice Hockey,Silver,27
1975,Winter,USA,Jacqueline Robertson,Curling,Gold,40
1975,Winter,Canada,Ruth Jackson,Curling,,30
1975,Winter,South Korea,Johnny Walker,Bobsleigh,,21
1975,Winter,USA,Laura Adkins,Curling,Silver,25
1975,Winter,Germany,Shawn Schneider,Biathlon,Gold,22
1975,Winter,Germany,Patricia Liu,Biathlon,Silver,27
1975,Winter,Russia,Richard Matthews,Skiing,Silver,35
1975,Winter,Brazil,Kelly Simon,Ice Hockey,Bronze,25
1975,Winter,Germany,Jeremy Williams,Snowboarding,Gold,37
1975,Winter,Brazil,Ashley Morris,Skiing,,20
1975,Winter,Canada,Michael Wallace,Speed Skating,Bronze,18
1975,Winter,Brazil,Frank Brown,Curling,Bronze,24
1975,Winter,Brazil,Kimberly Williams,Bobsleigh,Gold,39
1975,Winter,Japan,Amber Swanson,Skiing,,24
1975,Winter,USA,Brian Sharp,Bobsleigh,Gold,25
1975,Winter,Russia,Jacob Cross DDS,Skiing,Gold,35
1975,Winter,USA,Ryan Wolf,Ice Hockey,Gold,37
1975,Winter,Russia,Charles Palmer,Speed Skating,,39
1975,Winter,China,Melissa Anderson,Skiing,Gold,39
1975,Winter,UK,Colin Garner,Ice Hockey,Bronze,40
1975,Winter,South Africa,Jeffrey Ware,Skiing,Gold,19
1975,Winter,Canada,Allison Oconnor,Ice Hockey,Bronze,28
1975,Winter,France,Taylor Martin,Curling,Gold,33
1975,Winter,Australia,Crystal Hawkins,Biathlon,,36
1975,Winter,South Korea,Shannon Brown,Speed Skating,Silver,38
1975,Winter,Brazil,Franklin Cooper,Skiing,Silver,34
1975,Winter,UK,Chelsea Fowler,Speed Skating,Gold,30
1975,Winter,Canada,Jeffrey Pham,Figure Skating,Silver,20
1975,Winter,Germany,Shelly Woods,Ice Hockey,Bronze,36
1975,Winter,UK,Thomas Murray,Speed Skating,,38
1975,Winter,Brazil,Derrick Kelly,Bobsleigh,Silver,24
1975,Winter,India,Kristine Mueller,Speed Skating,,20
1975,Winter,China,Diana Barr,Figure Skating,,22
1975,Winter,France,Alison Lopez,Skiing,Bronze,24
1975,Winter,Australia,Jeffrey Harvey,Speed Skating,,25
1975,Winter,UK,Breanna Howard,Figure Skating,Bronze,28
1975,Winter,South Africa,Heidi Saunders,Figure Skating,Bronze,31
1975,Winter,Italy,Tiffany Coleman,Ice Hockey,Bronze,30
1975,Winter,China,Robert Jones,Curling,Gold,26
1975,Winter,Germany,Heather King,Bobsleigh,Gold,27
1975,Winter,China,Jay Dennis,Figure Skating,,28
1975,Winter,Russia,Danielle Meyer,Bobsleigh,,37
1975,Winter,UK,Kimberly Garcia,Curling,Gold,30
1975,Winter,USA,Benjamin Vang,Bobsleigh,Bronze,27
1975,Winter,Russia,Taylor Lopez,Ice Hockey,Bronze,23
1975,Winter,South Africa,Rick Jones,Figure Skating,Bronze,24
1975,Winter,France,Erik Smith,Skiing,,28
1975,Winter,Japan,Sean Taylor,Figure Skating,Silver,27
1975,Winter,France,Amanda Hoffman,Ice Hockey,Bronze,23
1975,Winter,Japan,Stephanie Mccarty,Snowboarding,Silver,33
1975,Winter,USA,Matthew Roberts,Biathlon,Gold,25
1975,Winter,Australia,Marie Martin,Snowboarding,,39
1975,Winter,Australia,Donald Williams,Biathlon,Bronze,21
1975,Winter,USA,Elizabeth Hoffman,Biathlon,,30
1975,Winter,UK,Jennifer Black,Skiing,Bronze,20
1975,Winter,Russia,Robert Smith,Speed Skating,Gold,33
1975,Winter,Russia,Elijah Wang,Figure Skating,Gold,22
1975,Winter,France,Gregory Lara,Bobsleigh,Silver,34
1975,Winter,France,James Anderson,Ice Hockey,Silver,36
1975,Winter,China,Julia Ramos,Curling,Silver,38
1975,Winter,India,Andrea Richardson,Bobsleigh,,30
1975,Winter,Italy,Matthew Brooks,Snowboarding,Silver,26
1975,Winter,Canada,Jordan Johnson,Biathlon,Bronze,30
1975,Winter,France,Alexis Shaw,Skiing,Gold,18
1975,Winter,Japan,Melissa Henry,Curling,Bronze,37
1975,Winter,USA,Timothy Powell,Curling,,19
1975,Winter,India,Shawn Rodriguez,Speed Skating,Gold,23
1975,Winter,France,Caitlyn Odom,Skiing,Gold,25
1975,Winter,Brazil,Joseph Brady,Snowboarding,Bronze,30
1975,Winter,UK,Rebekah Dickerson,Ice Hockey,Bronze,33
1975,Winter,Japan,Levi Smith,Ice Hockey,Bronze,21
1975,Winter,Russia,Zachary Mahoney,Speed Skating,Bronze,22
1975,Winter,Germany,Peter Thornton,Bobsleigh,Silver,24
1975,Winter,South Korea,Misty Murray,Curling,Gold,26
1975,Winter,Japan,Stephanie Franco,Figure Skating,Silver,36
1975,Winter,South Korea,Jamie Powell,Curling,,24
1975,Winter,Germany,Howard Huff,Figure Skating,Gold,34
1975,Winter,Italy,Brandi Miller,Skiing,Silver,35
1975,Winter,Brazil,Kimberly Barber,Ice Hockey,Silver,18
1975,Winter,Australia,Jessica Williams,Bobsleigh,Silver,26
1975,Winter,Brazil,Patricia Jackson,Figure Skating,,29
1975,Winter,Australia,Terry Cordova,Ice Hockey,,25
1975,Winter,Russia,Hailey Robertson,Speed Skating,Silver,25
1975,Winter,India,Daniel Carter,Skiing,,19
1975,Winter,Canada,Robert Duncan,Bobsleigh,,19
1975,Winter,USA,Kimberly Miller,Figure Skating,Bronze,23
1975,Winter,Brazil,John Thompson,Speed Skating,,19
1975,Winter,South Korea,Richard Obrien,Figure Skating,Bronze,19
1975,Winter,India,Nathaniel Baker,Biathlon,,27
1975,Winter,France,James Medina,Snowboarding,Silver,33
1975,Winter,USA,Dennis Mills,Curling,Bronze,31
1975,Winter,Italy,Matthew Williams,Skiing,Bronze,29
1975,Winter,Canada,Charlene Cooper,Figure Skating,Silver,38
1975,Winter,Japan,Monica Ibarra,Biathlon,,23
1975,Winter,Australia,Charles Olson,Skiing,,19
1975,Winter,Germany,Michael Mitchell,Skiing,Bronze,38
1975,Winter,Italy,Kim Coffey,Snowboarding,Gold,29
1975,Winter,Australia,Jordan Oliver,Ice Hockey,Bronze,28
1975,Winter,India,Edward Hart,Ice Hockey,Bronze,29
1975,Winter,USA,Katherine Hernandez,Biathlon,,29
1975,Winter,Italy,Kaitlyn Gonzales,Snowboarding,Gold,23
1975,Winter,India,Richard Grant,Bobsleigh,,18
1975,Winter,Germany,Felicia Duncan,Figure Skating,,23
1975,Winter,Canada,Samuel Douglas,Bobsleigh,Silver,20
1975,Winter,China,Michael Flynn,Ice Hockey,Silver,35
1975,Winter,Germany,Meagan Nunez,Ice Hockey,Silver,21
1975,Winter,China,Morgan Ortiz,Curling,Silver,38
1975,Winter,France,Brian Mahoney,Curling,Silver,24
1975,Winter,Japan,Kevin Long,Curling,,29
1975,Winter,Italy,Kevin Contreras,Skiing,Gold,29
1975,Winter,Australia,Theresa West,Figure Skating,Bronze,19
1975,Winter,Japan,Sheila Thomas,Figure Skating,,18
1975,Winter,South Africa,Corey Moreno,Speed Skating,Gold,24
1975,Winter,USA,Jose Anderson,Skiing,,36
1975,Winter,UK,Andrea Peters,Speed Skating,Bronze,33
1975,Winter,Russia,Rebecca Delacruz,Skiing,Bronze,39
1975,Winter,Germany,Johnathan Yu,Bobsleigh,Gold,33
1975,Winter,Russia,Francisco Baker,Figure Skating,,21
1975,Winter,Australia,Sean Berger,Curling,Bronze,27
1975,Winter,USA,Curtis Armstrong,Bobsleigh,Bronze,21
1975,Winter,South Korea,Mckenzie Garrett,Biathlon,Gold,40
1975,Winter,South Korea,Christopher Contreras,Figure Skating,Gold,22
1975,Winter,India,Laura James,Bobsleigh,Silver,22
1975,Winter,UK,Donald Knight,Curling,Gold,34
1975,Winter,Germany,Brian Cook,Curling,Bronze,18
1975,Winter,Germany,Scott Brown,Figure Skating,,31
1975,Winter,Brazil,Natalie Case,Snowboarding,Gold,35
1975,Winter,South Africa,Kevin Saunders,Biathlon,,34
1975,Winter,Brazil,Maria Hernandez,Ice Hockey,Bronze,18
1975,Winter,South Korea,Daniel Cox,Curling,Silver,24
1975,Winter,Australia,Matthew Cooper,Figure Skating,,39
1975,Winter,USA,Victor Ramos,Biathlon,Bronze,35
1975,Winter,Canada,Jennifer Davis,Snowboarding,,21
1975,Winter,France,Suzanne Porter,Skiing,Bronze,35
1975,Winter,Japan,Jessica Reilly,Speed Skating,,27
1975,Winter,South Africa,Kristine Smith,Skiing,Gold,18
1975,Winter,Russia,Crystal Duncan,Snowboarding,Gold,21
1975,Winter,Australia,Donna Morrison,Snowboarding,Gold,19
1975,Winter,UK,Amanda Ayers,Skiing,Gold,34
1975,Winter,South Korea,Jennifer Ruiz,Bobsleigh,,40
1975,Winter,USA,Richard Lee,Biathlon,,33
1975,Winter,USA,Lisa Cox,Figure Skating,Silver,24
1975,Winter,Australia,Kathleen Russell,Bobsleigh,,20
1975,Winter,Australia,Amanda White,Bobsleigh,Bronze,21
1975,Winter,South Korea,Earl White,Ice Hockey,Gold,35
1975,Winter,Canada,Kristina Perez,Speed Skating,,21
1975,Winter,Russia,Katherine Davis,Curling,,22
1975,Winter,South Africa,Gary Gordon,Biathlon,,30
1975,Winter,Australia,Travis Marshall DDS,Curling,Gold,24
1975,Winter,UK,Lori Griffin,Biathlon,,28
1975,Winter,Brazil,Catherine Gomez DVM,Curling,Gold,34
1975,Winter,France,Alexander Townsend,Speed Skating,Bronze,37
1975,Winter,China,Adrienne Garcia,Speed Skating,Bronze,22
1975,Winter,China,Vanessa Rose,Ice Hockey,,26
1975,Winter,Australia,Gregory Perez,Figure Skating,Bronze,40
1975,Winter,Russia,Sheri Casey,Curling,Bronze,33
1975,Winter,Brazil,Dawn Adams,Biathlon,Gold,31
1975,Winter,UK,Amanda Reeves,Ice Hockey,Gold,34
1975,Winter,South Korea,Deborah Maldonado,Ice Hockey,Bronze,22
1975,Winter,France,Arthur Weaver,Figure Skating,Bronze,27
1975,Winter,UK,Anna Gonzales,Snowboarding,Silver,27
1975,Winter,South Africa,Frances Hart,Biathlon,,20
1975,Winter,Germany,Ashley Gibson,Bobsleigh,Silver,18
1975,Winter,France,Lisa Miranda,Figure Skating,Silver,35
1975,Winter,Canada,Katherine Bishop,Bobsleigh,,24
1975,Winter,Russia,Jack Hendricks,Curling,Bronze,31
1975,Winter,Russia,Melissa Williams,Biathlon,Bronze,31
1975,Winter,France,Johnny Delgado,Figure Skating,Bronze,21
1975,Winter,Australia,Mark Stevens,Curling,,30
1975,Winter,China,Charles Wells,Ice Hockey,,32
1975,Winter,South Korea,Sara Allen,Speed Skating,Gold,20
1975,Winter,Italy,Joseph Hogan,Curling,,20
1975,Winter,USA,Juan Brock,Ice Hockey,Gold,23
1975,Winter,South Korea,Shannon Dyer,Snowboarding,,38
1975,Winter,Germany,Vickie Turner DDS,Curling,Bronze,20
1975,Winter,Italy,Reginald Morris,Bobsleigh,,21
1975,Winter,Canada,Andrew Hall,Ice Hockey,Gold,23
1975,Winter,Germany,Stephanie Gonzalez,Ice Hockey,Gold,20
1975,Winter,South Africa,John Hammond,Figure Skating,Bronze,24
1975,Winter,Russia,Ashley Burns,Figure Skating,Bronze,20
1975,Winter,Japan,Andrew Williams,Figure Skating,Bronze,21
1975,Winter,Canada,Joseph Anderson,Biathlon,Bronze,26
1975,Winter,France,Monica Mack,Skiing,Bronze,30
1975,Winter,Canada,Victoria Wolf,Snowboarding,Bronze,29
1975,Winter,India,Anthony Petersen,Bobsleigh,Silver,33
1975,Winter,Russia,Amanda Esparza,Figure Skating,Gold,19
1975,Winter,Russia,Brittney Reyes,Snowboarding,,34
1975,Winter,China,Miss Michele Baldwin,Ice Hockey,Bronze,31
1975,Winter,UK,Victoria Allen,Ice Hockey,Gold,38
1975,Winter,Russia,James Davis,Curling,Gold,24
1975,Winter,Australia,Kayla Jensen,Biathlon,Silver,30
1975,Winter,South Africa,David Carney,Snowboarding,Silver,21
1975,Winter,China,Amanda Massey,Bobsleigh,Silver,27
1975,Winter,Japan,Robin Neal,Curling,,25
1975,Winter,Germany,Mark Goodman,Skiing,Gold,23
1975,Winter,Australia,Danielle Vasquez,Snowboarding,Silver,19
1975,Winter,Germany,Michelle Thompson,Ice Hockey,,30
1975,Winter,China,Vanessa Thompson,Biathlon,,19
1975,Winter,Germany,Michael Gilbert,Bobsleigh,Silver,37
1975,Winter,France,Mark Andrews,Curling,Gold,21
1975,Winter,Japan,Leslie Smith,Ice Hockey,Bronze,22
1975,Winter,France,Vincent Richardson,Speed Skating,Bronze,23
1975,Winter,Canada,Jasmine Golden,Bobsleigh,Bronze,20
1975,Winter,South Africa,Amy Cook,Figure Skating,Silver,36
1975,Winter,Japan,Jerry Williams,Skiing,Silver,30
1975,Winter,India,John Williams,Ice Hockey,Bronze,28
1975,Winter,UK,Alexander Lopez,Curling,Bronze,26
1975,Winter,France,Marvin Bender,Figure Skating,Silver,25
1975,Winter,USA,Kim Hunter,Ice Hockey,Silver,20
1975,Winter,Brazil,Christopher Martinez,Snowboarding,Gold,28
1975,Winter,Australia,Teresa Sanchez,Bobsleigh,,36
1975,Winter,Canada,Lisa Fisher,Snowboarding,Silver,22
1975,Winter,Australia,Tina Wright,Ice Hockey,Bronze,29
1975,Winter,Italy,Kimberly Castillo,Biathlon,,24
1975,Winter,South Korea,Michelle Avila,Bobsleigh,Silver,38
1975,Winter,Canada,Eric Wright,Skiing,Gold,33
1975,Winter,South Africa,David Richmond,Ice Hockey,Bronze,26
1975,Winter,Australia,Kaitlin Lowery,Ice Hockey,Silver,34
1975,Winter,France,Bryan Zavala,Speed Skating,Silver,31
1975,Winter,France,Karen Chase,Curling,Silver,29
1975,Winter,France,Todd Pace,Figure Skating,Silver,37
1975,Winter,UK,Jonathan Peters,Biathlon,Bronze,26
1975,Winter,Australia,Brenda Lewis,Biathlon,,26
1975,Winter,South Africa,Matthew Jackson,Bobsleigh,,19
1975,Winter,China,Melissa Oneill,Biathlon,Gold,19
1975,Winter,Germany,Aaron Spencer,Speed Skating,Silver,20
1975,Winter,Canada,Deanna Kelley,Biathlon,Gold,18
1975,Winter,Japan,Rachel Clayton,Biathlon,,33
1975,Winter,France,Andrea Henderson,Speed Skating,,35
1975,Winter,Russia,Michelle Phillips,Biathlon,Bronze,18
1975,Winter,Brazil,Jennifer Ortiz,Biathlon,Gold,37
1975,Winter,Canada,Mary Pollard,Biathlon,Silver,20
1975,Winter,USA,Alyssa Sanchez,Snowboarding,Silver,19
1975,Winter,UK,Shawn Henderson,Bobsleigh,Silver,38
1975,Winter,South Africa,Steve Hall,Curling,Bronze,39
1975,Winter,South Korea,Jacob Hardin,Speed Skating,Silver,19
1975,Winter,Australia,Mr. Patrick Brooks DDS,Bobsleigh,,34
1975,Winter,Russia,Holly Bender,Snowboarding,,20
1975,Winter,France,Vincent Colon DVM,Bobsleigh,,37
1975,Winter,USA,Cassie Parker,Curling,Silver,23
1975,Winter,Australia,Madison Vargas,Curling,,30
1975,Winter,China,Thomas Miller,Speed Skating,,24
1975,Winter,Germany,Timothy Moore,Curling,Bronze,23
1975,Winter,Brazil,Thomas Cuevas,Ice Hockey,Silver,33
1975,Winter,Germany,Stephanie Villarreal,Curling,Silver,22
1975,Winter,Australia,Joshua Hernandez,Bobsleigh,Silver,23
1975,Winter,Australia,Teresa Tucker,Skiing,,40
1975,Winter,India,Amber Rodriguez,Snowboarding,Gold,33
1975,Winter,Canada,Sarah Carlson,Biathlon,Gold,39
1975,Winter,Australia,Garrett Smith,Snowboarding,Silver,30
1975,Winter,France,Brooke Garcia,Bobsleigh,Gold,32
1975,Winter,Germany,Carla Ward,Skiing,Silver,39
1975,Winter,Canada,Andrew Hughes,Ice Hockey,Bronze,27
1975,Winter,USA,Jon Matthews,Speed Skating,Silver,25
1975,Winter,South Korea,Tyler Morse,Biathlon,,40
1975,Winter,Brazil,Brian Carlson,Biathlon,Silver,18
1975,Winter,Australia,Michaela Moore,Ice Hockey,Gold,19
1975,Winter,Germany,Taylor Smith,Skiing,Bronze,24
1975,Winter,South Korea,Joseph Vasquez,Bobsleigh,Silver,40
1975,Winter,India,James Chandler,Speed Skating,,40
1975,Winter,South Africa,Lauren Morgan,Biathlon,Silver,25
1975,Winter,South Korea,Sean Williams,Bobsleigh,Bronze,40
1975,Winter,Canada,Hunter Rivers,Snowboarding,Silver,29
1975,Winter,China,Matthew Montgomery,Biathlon,Bronze,22
1975,Winter,UK,Eric Preston,Speed Skating,,36
1975,Winter,France,Douglas Shea,Bobsleigh,Bronze,24
1975,Winter,South Africa,John Blankenship,Skiing,Bronze,24
1975,Winter,UK,Loretta Shaffer,Speed Skating,Gold,22
1975,Winter,China,Joyce Collier,Ice Hockey,,34
1975,Winter,China,John Stevens,Bobsleigh,Bronze,26
1975,Winter,Canada,Robert Huffman,Speed Skating,Silver,27
1975,Winter,India,Vanessa Lewis,Curling,Gold,31
1975,Winter,Italy,Robert Taylor,Bobsleigh,,32
1975,Winter,UK,Holly Jones,Speed Skating,Gold,19
1975,Winter,Russia,Patricia Obrien,Biathlon,Bronze,20
1975,Winter,Germany,Emily Rubio,Speed Skating,Gold,28
1975,Winter,South Africa,Thomas Thornton,Figure Skating,Bronze,27
1975,Winter,Canada,Rhonda Gardner,Speed Skating,,25
1975,Winter,Russia,Michael Scott,Bobsleigh,Gold,31
1975,Winter,Russia,Mark White,Figure Skating,Gold,39
1975,Winter,Brazil,Manuel Robinson,Skiing,,24
1975,Winter,Australia,Scott Hicks,Skiing,Bronze,22
1975,Winter,South Korea,Sandy Mendoza,Curling,Silver,22
1975,Winter,India,Deborah Cantu,Figure Skating,Bronze,24
1975,Winter,UK,Harold Watkins,Snowboarding,Bronze,30
1975,Winter,Australia,Brian Clarke,Figure Skating,,37
1975,Winter,Italy,Edward Ramirez,Figure Skating,,36
1975,Winter,USA,Daryl Butler,Snowboarding,Silver,29
1975,Winter,South Korea,Jeremy Carr,Bobsleigh,Silver,25
1975,Winter,Germany,Angela Hall,Ice Hockey,Bronze,36
1975,Winter,India,Alejandro Smith,Figure Skating,Bronze,33
1975,Winter,Canada,David Butler,Speed Skating,,28
1975,Winter,France,Zachary Pham,Speed Skating,Silver,31
1975,Winter,Japan,Paul Kramer,Bobsleigh,Gold,33
1975,Winter,Russia,Cheryl Hall,Bobsleigh,Bronze,29
1975,Winter,Germany,Amanda Acosta,Curling,Gold,23
1975,Winter,Canada,Dylan Clark,Speed Skating,Silver,24
1975,Winter,India,Lauren Williams,Snowboarding,Bronze,26
1975,Winter,South Korea,James Williams,Snowboarding,Bronze,40
1975,Winter,Italy,Christina Krause,Skiing,Bronze,34
1975,Winter,Australia,Jacqueline Hughes,Curling,Bronze,18
1975,Winter,France,Jose Sanchez,Bobsleigh,Bronze,23
1975,Winter,UK,Megan Robinson,Speed Skating,Silver,24
1975,Winter,South Korea,Steven Cole,Curling,Gold,38
1975,Winter,Italy,David Wilson,Speed Skating,Bronze,40
1975,Winter,South Korea,Kimberly Bean,Figure Skating,Gold,31
1975,Winter,Brazil,Laura Reid,Speed Skating,,39
1975,Winter,China,Jennifer Stevens,Speed Skating,Gold,22
1975,Winter,China,Cynthia Preston,Skiing,,25
1975,Winter,India,Nicholas Smith,Curling,Silver,40
1975,Winter,Germany,Timothy Miller,Speed Skating,Bronze,40
1975,Winter,Australia,Kenneth Martinez,Ice Hockey,Silver,31
1975,Winter,China,Kimberly Carr,Snowboarding,,22
1975,Winter,Australia,Dr. Renee Coleman,Snowboarding,,38
1975,Winter,Germany,Douglas Reed,Snowboarding,Silver,39
1975,Winter,South Korea,John Russell,Skiing,Bronze,39
1975,Winter,India,Damon Walsh,Snowboarding,Bronze,40
1975,Winter,South Africa,Caitlyn Robbins,Ice Hockey,,35
1975,Winter,China,Jessica Sanford,Speed Skating,,33
1975,Winter,Canada,Joseph Lopez,Bobsleigh,Bronze,32
1975,Winter,USA,Mr. Brett Smith,Bobsleigh,,18
1975,Winter,Canada,Dennis Hughes,Curling,Silver,32
1975,Winter,Australia,Lisa Richard,Bobsleigh,Silver,18
1975,Winter,Brazil,Mark Noble,Curling,,19
1975,Winter,South Africa,Jorge Brown,Speed Skating,Bronze,25
1975,Winter,South Africa,Alexis Ruiz,Skiing,Gold,37
1975,Winter,Brazil,Kyle Taylor,Biathlon,,34
1975,Winter,Japan,Madison Leblanc,Biathlon,Silver,18
1975,Winter,South Korea,Eric Nelson,Snowboarding,Gold,29
1975,Winter,South Africa,Tamara Martinez,Speed Skating,Gold,24
1975,Winter,India,Sherri Powell,Biathlon,Silver,23
1975,Winter,South Korea,Christine Berg,Skiing,Gold,22
1975,Winter,South Africa,Walter Sharp,Speed Skating,,35
1975,Winter,Russia,Keith Gray,Skiing,Bronze,30
1975,Winter,UK,Shawn Snyder,Biathlon,Bronze,30
1975,Winter,Italy,Darren Mitchell,Figure Skating,Bronze,26
1975,Winter,China,Veronica Kent,Speed Skating,Silver,24
1975,Winter,Germany,Frank Smith,Bobsleigh,Gold,26
1975,Winter,France,Jennifer Thompson,Speed Skating,Bronze,39
1975,Winter,Canada,William Burnett,Biathlon,Bronze,33
1975,Winter,Australia,April Perez,Bobsleigh,Silver,31
1975,Winter,China,Chelsey Thompson,Snowboarding,Silver,36
1975,Winter,UK,Megan Holloway,Speed Skating,Bronze,33
1975,Winter,India,Louis Welch,Biathlon,Bronze,30
1975,Winter,Russia,Jasmine Alvarado,Biathlon,Bronze,35
1975,Winter,Brazil,Linda Perez,Curling,Bronze,28
1975,Winter,Russia,Megan Mays,Ice Hockey,Silver,40
1975,Winter,India,Ashley Young,Speed Skating,Bronze,33
1975,Winter,Germany,Mark Murray,Figure Skating,Gold,25
1975,Winter,Japan,Linda Jones,Bobsleigh,Gold,24
1975,Winter,Germany,Brent Velazquez,Speed Skating,Silver,28
1975,Winter,UK,Bryan Fernandez,Biathlon,Gold,36
1975,Winter,Japan,Crystal Adams,Biathlon,Gold,30
1975,Winter,India,Hayley Peters,Biathlon,Bronze,37
1975,Winter,UK,Joshua Cox,Bobsleigh,,36
1975,Winter,India,Mark Jenkins,Biathlon,Gold,18
1975,Winter,Japan,David Mcclain,Speed Skating,Silver,20
1975,Winter,Canada,Leonard Lucero,Figure Skating,,37
1975,Winter,Germany,Michael Wood,Speed Skating,,19
1975,Winter,Brazil,Francisco House,Figure Skating,Bronze,30
1975,Winter,India,Angie Jones,Figure Skating,Bronze,24
1975,Winter,Italy,Catherine Herrera,Curling,Gold,31
1975,Winter,South Africa,Crystal Brewer,Curling,Gold,26
1975,Winter,China,Susan Mckay,Ice Hockey,Silver,30
1975,Winter,Italy,James Mendoza,Biathlon,Bronze,18
1975,Winter,South Korea,Katherine Williams,Figure Skating,Gold,21
1975,Winter,Australia,Andrew Gilmore,Speed Skating,Silver,32
1975,Winter,Italy,David Murillo,Ice Hockey,Silver,18
1975,Winter,Japan,Ricky Schmitt,Snowboarding,,22
1975,Winter,China,Mrs. Linda Mcclain,Bobsleigh,,30
1975,Winter,Brazil,Dan Douglas,Figure Skating,,25
1975,Winter,France,Samantha White,Bobsleigh,Gold,29
1975,Winter,China,Timothy Sparks,Speed Skating,Bronze,26
1975,Winter,China,Benjamin Garza,Speed Skating,,28
1975,Winter,Brazil,Ryan Wright,Snowboarding,Silver,38
1975,Winter,Canada,Jennifer Byrd,Curling,,26
1975,Winter,South Africa,Alisha Sanchez,Biathlon,Gold,21
1975,Winter,South Korea,Connor Reyes,Ice Hockey,Silver,20
1975,Winter,Brazil,Cassandra Thompson,Figure Skating,Silver,30
1975,Winter,South Korea,Sara Cox DDS,Ice Hockey,Silver,26
1975,Winter,South Africa,Eric Mcdonald,Speed Skating,,23
1975,Winter,Russia,John Moore,Ice Hockey,Bronze,27
1975,Winter,USA,Benjamin Best,Biathlon,Gold,34
1975,Winter,UK,Dustin Ortiz,Bobsleigh,Gold,24
1975,Winter,Germany,Amanda Smith,Snowboarding,,32
1975,Winter,Russia,Sue Hinton,Snowboarding,Gold,25
1975,Winter,Italy,Christine Carlson DDS,Bobsleigh,,35
1975,Winter,India,Ashley Bryan,Skiing,Gold,39
1975,Winter,USA,Kristi Hall,Biathlon,,20
1975,Winter,Australia,Emily Adams,Skiing,Gold,34
1975,Winter,Japan,Shelly Fields,Curling,Bronze,31
1975,Winter,South Africa,Katie Henry,Bobsleigh,,33
1975,Winter,India,Tammy Carlson,Curling,Gold,20
1975,Winter,South Korea,Angela Gonzales,Bobsleigh,Silver,37
1975,Winter,Australia,Jeremiah Dyer,Biathlon,Bronze,32
1975,Winter,Italy,Blake Wiley,Skiing,Gold,32
1975,Winter,China,Cameron Obrien,Curling,Gold,29
1975,Winter,Brazil,John Haley,Bobsleigh,,26
1975,Winter,Japan,Jill Jones,Snowboarding,Gold,19
1975,Winter,Germany,Michael Elliott,Snowboarding,Silver,27
1975,Winter,Japan,Teresa Perkins,Ice Hockey,Bronze,29
1975,Winter,South Korea,Jacob Wilson,Curling,,37
1975,Winter,India,Bryce Church,Bobsleigh,Bronze,27
1975,Winter,India,Debra Gomez,Bobsleigh,Bronze,33
1975,Winter,China,Trevor Lane,Curling,Silver,20
1975,Winter,South Korea,Bobby Jones,Biathlon,Silver,34
1975,Winter,Russia,Julie Williams,Biathlon,Bronze,19
1975,Winter,Germany,Gregory Collins,Bobsleigh,Gold,24
1975,Winter,South Korea,Eric Harmon,Skiing,Gold,21
1975,Winter,Germany,Emily Jones,Bobsleigh,,23
1975,Winter,China,Amber Ortiz,Speed Skating,Silver,24
1975,Winter,Italy,James Howard,Biathlon,Gold,33
1975,Winter,France,Jessica Martin,Bobsleigh,Gold,18
1975,Winter,Russia,Diane Dickerson,Biathlon,,27
1975,Winter,India,Nancy Phelps,Skiing,Bronze,23
1975,Winter,Russia,Shane Potts,Bobsleigh,Gold,40
1975,Winter,Germany,Michael Chavez,Figure Skating,,33
1975,Winter,Russia,Karen Bowers,Snowboarding,Silver,18
1975,Winter,UK,Pam Spencer,Skiing,Silver,37
1975,Winter,South Korea,Jeanette Cannon,Biathlon,Gold,39
1975,Winter,Italy,Lindsey Brown,Curling,Bronze,24
1975,Winter,USA,Andrew Singh,Snowboarding,Silver,30
1975,Winter,India,Amanda Cross,Ice Hockey,Bronze,32
1975,Winter,UK,Alexander Jordan,Skiing,,33
1975,Winter,South Africa,Carmen Bullock,Curling,,25
1975,Winter,Japan,Christopher Owens,Snowboarding,Silver,18
1975,Winter,Japan,Michael Gonzalez,Speed Skating,Silver,35
1975,Winter,South Africa,Nathan Brown,Speed Skating,,23
1975,Winter,Australia,Cody Cox,Figure Skating,Gold,24
1975,Winter,China,Jordan King,Snowboarding,Gold,33
1975,Winter,Japan,Jordan Paul,Figure Skating,Silver,30
1975,Winter,Italy,Janice Schroeder,Ice Hockey,Gold,21
1975,Winter,Brazil,Drew Snow MD,Speed Skating,,32
1975,Winter,UK,Oscar Wong,Snowboarding,Bronze,29
1975,Winter,Brazil,Paige Ashley,Skiing,,27
1975,Winter,Canada,Tamara West,Curling,Bronze,22
1975,Winter,Russia,Jennifer Gibbs,Skiing,Bronze,36
1975,Winter,South Korea,Lisa Bush,Speed Skating,,32
1975,Winter,USA,Andrew Black,Skiing,,26
1975,Winter,South Africa,Maxwell Benitez,Biathlon,,20
1975,Winter,China,Douglas Williams,Skiing,,29
1975,Winter,Germany,Anthony Rice,Biathlon,,27
1975,Winter,UK,Sara Wilson,Ice Hockey,Bronze,31
1975,Winter,China,Anita Allen,Skiing,Bronze,24
1975,Winter,France,Jenny Nguyen,Figure Skating,Silver,32
1975,Winter,India,Joseph Smith,Bobsleigh,,38
1975,Winter,South Africa,Calvin Day,Ice Hockey,,22
1975,Winter,France,Robert Smith,Bobsleigh,Silver,38
1975,Winter,USA,Benjamin Wright,Biathlon,Silver,37
1975,Winter,China,Erin Gutierrez,Bobsleigh,,38
1975,Winter,Canada,Lawrence Banks,Bobsleigh,,20
1975,Winter,Brazil,Scott Zimmerman,Snowboarding,Bronze,37
1975,Winter,UK,Cody Howard,Snowboarding,Gold,29
1975,Winter,South Africa,Keith Porter,Speed Skating,,37
1975,Winter,Brazil,Elijah Patton,Skiing,Gold,37
1975,Winter,USA,Joshua Koch,Speed Skating,,19
1975,Winter,Italy,Candice Cuevas,Figure Skating,,33
1975,Winter,Russia,James Nguyen,Speed Skating,Gold,22
1975,Winter,USA,Amanda Golden,Curling,Gold,24
1975,Winter,South Africa,Stephanie May,Figure Skating,,18
1975,Winter,India,Audrey Porter,Biathlon,,38
1975,Winter,Japan,Lisa Garcia,Snowboarding,,29
1975,Winter,South Africa,Renee Young,Snowboarding,,29
1975,Winter,Germany,Jason Khan,Figure Skating,Silver,24
1975,Winter,Brazil,Brenda Wells,Figure Skating,,32
1975,Winter,South Korea,Natalie Ford,Speed Skating,Bronze,33
1975,Winter,UK,Julie Hicks,Skiing,Gold,25
1975,Winter,Russia,Sophia Hoffman,Skiing,,32
1975,Winter,South Africa,Ricky Conley,Figure Skating,Silver,23
1975,Winter,Brazil,Michael Gonzalez,Curling,Gold,22
1975,Winter,Germany,Danny Johnson,Skiing,Bronze,37
1975,Winter,Canada,Johnny Knapp,Ice Hockey,,27
1975,Winter,Italy,Anthony Moore,Skiing,Silver,26
1975,Winter,South Korea,Jackie Perez,Curling,Silver,36
1975,Winter,Japan,Katherine Cervantes,Figure Skating,Bronze,35
1975,Winter,Germany,Angela Willis,Curling,,26
1975,Winter,India,Jennifer Nunez,Ice Hockey,Bronze,25
1975,Winter,Italy,Jennifer Wagner,Skiing,Silver,31
1975,Winter,Japan,Teresa Johnson,Bobsleigh,Bronze,28
1975,Winter,Japan,Rebecca Acosta,Figure Skating,Silver,31
1975,Winter,Russia,Robert Myers,Snowboarding,,36
1975,Winter,Italy,Ralph Erickson,Speed Skating,Bronze,40
1975,Winter,Canada,Barry Mitchell,Skiing,Silver,30
1975,Winter,UK,Rachel Wilson,Bobsleigh,Silver,18
1975,Winter,France,Christy Lynch,Biathlon,Bronze,39
1975,Winter,Germany,Timothy Clark,Bobsleigh,Silver,30
1975,Winter,France,Jean Johnston,Figure Skating,Silver,34
1975,Winter,Germany,Benjamin Ross,Bobsleigh,Gold,26
1975,Winter,USA,Corey Brock,Skiing,Bronze,29
1975,Winter,China,Kimberly Rodriguez,Speed Skating,Silver,18
1975,Winter,South Africa,Michael Clark,Ice Hockey,Bronze,23
1975,Winter,Italy,Rachel Clark,Snowboarding,,40
1975,Winter,South Korea,Toni Haynes,Figure Skating,Bronze,23
1975,Winter,UK,Daniel Howell,Bobsleigh,Silver,18
1975,Winter,UK,Jessica Bowers,Figure Skating,,31
1975,Winter,Japan,Dr. Matthew Fisher,Ice Hockey,Silver,36
1975,Winter,South Korea,Jessica Thompson,Biathlon,,37
1975,Winter,Russia,Tiffany Murphy,Bobsleigh,Bronze,18
1975,Winter,UK,Stephanie Fernandez,Figure Skating,Bronze,35
1975,Winter,France,Diana Calderon,Figure Skating,Silver,37
1975,Winter,South Africa,Joseph Fuller,Biathlon,Gold,39
1975,Winter,Japan,Gregory Lee,Speed Skating,Bronze,28
1975,Winter,Brazil,Kristen Hanson,Curling,Gold,23
1975,Winter,USA,Charles Mcdonald,Bobsleigh,Silver,29
1975,Winter,Canada,Connie Bell,Speed Skating,Bronze,33
1975,Winter,USA,Jamie Wheeler,Curling,,37
1975,Winter,South Africa,Jessica Arellano,Skiing,Silver,36
1975,Winter,China,Brenda Woods,Curling,Bronze,24
1975,Winter,South Korea,Taylor Silva,Curling,Bronze,30
1975,Winter,UK,Sara Miller,Speed Skating,Bronze,22
1975,Winter,France,Amanda Whitaker,Figure Skating,Gold,23
1975,Winter,South Africa,Robert Burton,Speed Skating,Bronze,36
1975,Winter,India,Whitney Brady,Snowboarding,Gold,33
1975,Winter,Italy,Keith Campbell,Figure Skating,,26
1975,Winter,Italy,James Clark,Curling,Bronze,32
1975,Winter,South Africa,Eric Castillo,Curling,,38
1975,Winter,UK,Deborah Jimenez,Bobsleigh,Silver,33
1975,Winter,India,Carol Tran,Snowboarding,Gold,22
1975,Winter,France,Justin Scott,Curling,,31
1975,Winter,France,Patrick Wolfe,Speed Skating,Silver,22
1975,Winter,Japan,Kathleen Torres,Bobsleigh,Silver,25
1975,Winter,South Korea,Andrew Davis,Curling,,22
1975,Winter,India,Alyssa Bright,Speed Skating,,26
1975,Winter,UK,Jennifer Anderson,Bobsleigh,Gold,32
1975,Winter,USA,Gary Webb,Skiing,Bronze,27
1975,Winter,France,Kathleen Jensen,Skiing,Gold,31
1975,Winter,South Korea,Ian Hall,Speed Skating,Bronze,36
1975,Winter,Italy,Lisa Mcdonald,Skiing,,25
1975,Winter,South Africa,Stephanie Lee,Snowboarding,Silver,33
1975,Winter,South Korea,Richard Moran,Curling,Silver,22
1975,Winter,UK,Jeffrey Green,Ice Hockey,Silver,34
1975,Winter,China,Richard Thomas,Ice Hockey,,32
1975,Winter,Russia,Brandon Gutierrez,Biathlon,Gold,25
1975,Winter,Canada,Luis Green,Figure Skating,Gold,28
1975,Winter,South Korea,Peter Nash,Snowboarding,Bronze,40
1975,Winter,China,Kristen Garcia,Snowboarding,Gold,27
1975,Winter,South Korea,Sandra Dorsey,Bobsleigh,Gold,35
1975,Winter,South Korea,John Chen,Biathlon,Silver,34
1975,Winter,Italy,Kendra Norton,Figure Skating,Gold,23
1975,Winter,South Africa,James Fry,Curling,,21
1975,Winter,South Korea,Catherine Henderson MD,Skiing,,23
1975,Winter,India,Devon Parker,Figure Skating,,23
1975,Winter,Australia,William Hines,Biathlon,Bronze,36
1975,Winter,Russia,Mrs. Melissa Anderson,Biathlon,,37
1975,Winter,UK,Megan Davis,Biathlon,,18
1975,Winter,Italy,Kevin Wallace,Curling,Silver,37
1975,Winter,UK,Christopher Sims,Ice Hockey,Gold,31
1975,Winter,France,Kimberly Brewer,Figure Skating,Silver,38
1975,Winter,Canada,Jennifer Koch,Ice Hockey,,40
1975,Winter,Germany,Michael Young,Skiing,Bronze,37
1975,Winter,USA,Abigail Nicholson,Ice Hockey,,28
1975,Winter,South Africa,Scott Howell,Ice Hockey,Silver,18
1975,Winter,Italy,Fred Wood,Biathlon,Gold,29
1975,Winter,France,Jose Clark,Bobsleigh,Gold,28
1975,Winter,Brazil,Allison Ware,Skiing,,36
1975,Winter,Germany,Emily Carter,Figure Skating,Silver,19
1975,Winter,UK,Jessica Lee,Speed Skating,Gold,28
1975,Winter,USA,Mr. Arthur Black MD,Ice Hockey,Silver,31
1975,Winter,Japan,Lindsey Rogers,Biathlon,Silver,30
1975,Winter,Germany,Cameron Gonzalez,Figure Skating,Silver,35
1975,Winter,UK,Amy Washington,Biathlon,Bronze,26
1975,Winter,Russia,Sean Hernandez,Figure Skating,Gold,40
1975,Winter,China,Timothy Sanchez,Speed Skating,Gold,32
1975,Winter,UK,William Coleman,Skiing,Silver,22
1975,Winter,Italy,David Garcia,Skiing,,26
1975,Winter,Australia,Stephanie Jones,Bobsleigh,Gold,37
1975,Winter,Brazil,Christopher Armstrong,Skiing,Silver,26
1975,Winter,South Africa,Tiffany Black,Figure Skating,Silver,20
1975,Winter,Canada,John Oneal,Bobsleigh,Silver,23
1975,Winter,France,Barbara Jenkins,Figure Skating,Bronze,37
1975,Winter,China,Elizabeth Mitchell,Bobsleigh,Bronze,34
1975,Winter,India,Dr. Sandy White PhD,Snowboarding,Gold,26
1975,Winter,Japan,Amy Robinson,Biathlon,Gold,18
1975,Winter,Germany,Denise Cook,Skiing,Silver,22
1975,Winter,South Africa,Linda Mosley,Speed Skating,Silver,26
1975,Winter,Italy,Nathaniel Russo,Speed Skating,Bronze,39
1975,Winter,South Korea,Ryan Davis,Speed Skating,Gold,32
1975,Winter,UK,Carmen Mendez,Curling,,32
1975,Winter,China,Stephen Smith,Bobsleigh,Bronze,35
1975,Winter,Russia,David Owens,Curling,Silver,23
1975,Winter,Brazil,Michael Morris,Speed Skating,Bronze,30
1975,Winter,UK,Veronica James,Snowboarding,,25
1975,Winter,South Korea,Sarah Williamson,Speed Skating,,23
1975,Winter,India,Taylor Jones,Curling,Bronze,19
1975,Winter,USA,Timothy Martin,Ice Hockey,Silver,30
1975,Winter,USA,Felicia White,Skiing,Gold,37
1975,Winter,South Africa,Timothy Fisher,Bobsleigh,,30
1975,Winter,South Africa,Harold Gutierrez,Skiing,Gold,28
1975,Winter,France,Michael Webb,Bobsleigh,Bronze,32
1975,Winter,UK,Jeffery Brady,Biathlon,Silver,27
1975,Winter,India,Sarah Evans,Biathlon,,28
1975,Winter,Canada,Robert Foster,Ice Hockey,,22
1975,Winter,UK,Christina Mendez,Figure Skating,Gold,18
1975,Winter,Canada,Daniel Ramos,Figure Skating,,27
1975,Winter,UK,Monique Roman MD,Skiing,Bronze,35
1975,Winter,South Africa,Lindsay Stewart,Ice Hockey,Silver,34
1975,Winter,Italy,Robin Love,Figure Skating,Bronze,36
1975,Winter,UK,Danielle Austin DDS,Snowboarding,Silver,35
1975,Winter,Germany,Aaron Maynard,Skiing,Bronze,26
1975,Winter,Japan,Elizabeth Norris,Ice Hockey,Gold,31
1975,Winter,Japan,Kayla Rodriguez,Skiing,Bronze,24
1975,Winter,Italy,Mr. Derrick Wilcox,Snowboarding,Bronze,40
1975,Winter,Australia,Heather Smith,Speed Skating,Bronze,28
1975,Winter,Italy,Albert Scott,Biathlon,Silver,35
1975,Winter,Canada,Cheryl Smith,Skiing,Gold,36
1975,Winter,USA,Wanda Brown,Snowboarding,,31
1975,Winter,France,Tyrone Jennings DDS,Snowboarding,Gold,28
1975,Winter,USA,Rebecca Thompson,Figure Skating,Bronze,28
1975,Winter,Brazil,Brittney Ruiz,Bobsleigh,,38
1975,Winter,Italy,Karen Stevens,Snowboarding,Silver,36
1975,Winter,UK,Trevor Santos,Speed Skating,Gold,21
1975,Winter,USA,Christopher Butler,Skiing,Gold,21
1975,Winter,Australia,Ann Harris MD,Figure Skating,,38
1975,Winter,Russia,Ryan Rocha,Ice Hockey,Bronze,22
1975,Winter,South Korea,Jennifer Collins,Curling,Bronze,30
1975,Winter,China,Kimberly Nielsen,Figure Skating,Gold,23
1975,Winter,USA,Kristin Rojas,Biathlon,Bronze,23
1975,Winter,South Korea,Tara Howell,Skiing,Bronze,30
1975,Winter,Germany,Julie Valdez,Skiing,Silver,20
1975,Winter,UK,Vanessa Woodard,Curling,Gold,30
1975,Winter,Russia,Martha Mccall,Biathlon,Gold,20
1975,Winter,China,Rebecca Gomez,Figure Skating,,21
1975,Winter,South Africa,Chris Stevens,Speed Skating,Gold,24
1975,Winter,China,Tiffany Turner,Snowboarding,,19
1975,Winter,UK,Anthony Phelps,Figure Skating,Silver,25
1975,Winter,Brazil,Whitney Johnson,Biathlon,,25
1975,Winter,South Korea,Allen Bartlett,Figure Skating,,24
1975,Winter,China,Christopher Goodman,Biathlon,Gold,23
1975,Winter,Russia,Allison Lyons,Skiing,Gold,28
1975,Winter,Brazil,Alec Moran,Skiing,,23
1975,Winter,South Korea,Ronald Conner,Bobsleigh,,32
1975,Winter,Italy,Steven Green,Curling,Gold,19
1975,Winter,Canada,Dr. Jonathan Swanson,Bobsleigh,Bronze,23
1975,Winter,Italy,Dakota Moreno,Figure Skating,Silver,36
1975,Winter,France,Ronald Martinez,Figure Skating,,34
1975,Winter,Germany,Donald Mccoy MD,Biathlon,Gold,35
1975,Winter,Italy,Grant Thomas,Curling,,20
1975,Winter,UK,Sheri Diaz,Skiing,Bronze,22
1975,Winter,Italy,Joseph Shannon,Ice Hockey,,37
1975,Winter,India,Maria Pace,Ice Hockey,Bronze,28
1975,Winter,Australia,Shelby Knight,Snowboarding,Silver,37
1975,Winter,UK,Olivia Dean,Figure Skating,Gold,34
1975,Winter,Brazil,Michelle Johnson,Biathlon,Gold,37
1975,Winter,Germany,Rhonda Burch,Figure Skating,Bronze,36
1975,Winter,India,Thomas Brown,Figure Skating,Gold,37
1975,Winter,UK,Timothy Mcguire,Biathlon,Gold,20
1975,Winter,Brazil,Hannah Greer,Skiing,Gold,31
1975,Winter,Germany,Jeffrey Hunter,Speed Skating,,31
1975,Winter,South Korea,Laura Wang,Biathlon,Silver,23
1975,Winter,Australia,Misty Phillips,Snowboarding,Bronze,22
1975,Winter,USA,Crystal Wells,Biathlon,Bronze,21
1975,Winter,USA,Christy Jones,Speed Skating,Bronze,35
1975,Winter,India,Jacob Weaver,Bobsleigh,,28
1975,Winter,China,Kenneth Lutz,Bobsleigh,Bronze,32
1975,Winter,Canada,Robert Anderson,Speed Skating,Silver,24
1975,Winter,Brazil,James Elliott,Ice Hockey,,35
1975,Winter,Japan,Thomas Stewart,Skiing,Silver,19
1975,Winter,Japan,Amanda Smith DVM,Speed Skating,Gold,31
1975,Winter,Russia,Susan Decker,Biathlon,Bronze,37
1975,Winter,USA,Mr. Jared Haynes,Bobsleigh,Gold,30
1975,Winter,India,Timothy Olson,Skiing,Bronze,40
1975,Winter,Italy,David Lopez,Biathlon,Silver,36
1975,Winter,Australia,Jennifer Singh,Speed Skating,,35
1975,Winter,UK,Anna Soto,Speed Skating,Bronze,40
1975,Winter,USA,Ryan Chan,Speed Skating,Bronze,39
1975,Winter,Japan,Phillip Ford,Skiing,Silver,34
1975,Winter,India,Taylor Dickerson,Skiing,Silver,38
1975,Winter,South Africa,Elizabeth Hoover,Snowboarding,Silver,39
1975,Winter,Japan,Walter Alexander,Speed Skating,Gold,25
1975,Winter,Russia,Laurie Jones,Bobsleigh,Silver,29
1975,Winter,Italy,Cameron Bryant,Skiing,Bronze,29
1975,Winter,South Korea,Ashley Smith,Curling,,26
1975,Winter,Russia,Jodi Landry,Speed Skating,,34
1975,Winter,Canada,Christina Mendez,Bobsleigh,,32
1975,Winter,Italy,Taylor Watson,Skiing,Gold,31
1975,Winter,India,Joseph Owens,Speed Skating,Bronze,27
1975,Winter,USA,Susan Hernandez,Bobsleigh,Bronze,19
1975,Winter,France,Amy Rodriguez,Skiing,Bronze,28
1975,Winter,France,Michelle Allen,Curling,Silver,31
1975,Winter,South Korea,Renee Castaneda,Figure Skating,Silver,37
1975,Winter,UK,Nicole Delacruz,Figure Skating,Silver,28
1975,Winter,Germany,Daniel Wood,Figure Skating,,27
1975,Winter,Germany,Michael Pena,Curling,Silver,29
1975,Winter,Japan,Kathleen Cruz,Ice Hockey,Silver,39
1975,Winter,South Africa,Nicole Martinez,Speed Skating,Gold,28
1975,Winter,South Korea,Gloria Valdez,Speed Skating,Gold,38
1975,Winter,Brazil,David Miller,Snowboarding,Silver,34
1975,Winter,South Korea,Shannon Reid,Speed Skating,Gold,25
1975,Winter,China,Anne Jones,Curling,Gold,29
1975,Winter,South Africa,Chris Stewart,Ice Hockey,Bronze,22
1975,Winter,Canada,Alison Rodriguez,Ice Hockey,Gold,24
1975,Winter,Italy,Steven Klein,Biathlon,,38
1975,Winter,Brazil,Kimberly Brewer,Skiing,,19
1975,Winter,Japan,Hunter Powers,Biathlon,,27
1975,Winter,Brazil,Lynn Hall,Curling,Gold,35
1975,Winter,Australia,Jon Duran,Biathlon,Silver,29
1975,Winter,India,Thomas Diaz,Snowboarding,Silver,31
1975,Winter,South Korea,Donald Mcgrath,Speed Skating,Silver,31
1975,Winter,Australia,Kimberly Green,Skiing,Bronze,36
1975,Winter,Italy,Katherine Brown,Speed Skating,Gold,20
1975,Winter,China,Ronald Smith,Snowboarding,Gold,26
1975,Winter,Australia,Debra Collier,Ice Hockey,Gold,31
1975,Winter,Japan,Mark Johnson,Biathlon,,28
1975,Winter,Germany,Micheal Murillo MD,Biathlon,Bronze,40
1975,Winter,Canada,Daniel Smith,Figure Skating,,37
1975,Winter,Italy,Devon Arnold,Biathlon,Gold,34
1975,Winter,Italy,Ashley Anderson,Speed Skating,Gold,26
1975,Winter,USA,James Hale,Bobsleigh,Gold,18
1975,Winter,Japan,Dr. Stacey Smith MD,Skiing,Silver,30
1975,Winter,USA,Vincent Khan,Speed Skating,Bronze,18
1975,Winter,China,Bradley Callahan,Skiing,Silver,20
1975,Winter,South Africa,Cynthia Baker,Bobsleigh,Bronze,25
1975,Winter,Italy,Joseph Skinner,Curling,Gold,24
1975,Winter,South Africa,Sharon Murillo,Biathlon,,36
1975,Winter,Russia,Janet Brown,Snowboarding,Gold,38
1975,Winter,South Korea,Tara Webster,Speed Skating,Silver,24
1975,Winter,Australia,Gary Andrews,Curling,Gold,37
1975,Winter,Brazil,Kristen Griffith,Ice Hockey,Gold,26
1975,Winter,Russia,Karen Wells,Snowboarding,Bronze,28
1975,Winter,Japan,Steven Chase,Skiing,Silver,39
1975,Winter,Italy,Vanessa Nelson,Bobsleigh,Silver,31
1975,Winter,UK,Courtney Solis,Speed Skating,Gold,30
1975,Winter,Brazil,Amanda Martin,Biathlon,Bronze,30
1975,Winter,Brazil,Hunter Fields,Biathlon,Silver,37
1975,Winter,India,Ronald Martinez,Biathlon,Bronze,29
1975,Winter,Australia,Jeremy Hart,Ice Hockey,,22
1975,Winter,Australia,Anthony Curtis,Figure Skating,Silver,26
1975,Winter,France,Frederick Brewer,Figure Skating,Gold,30
1975,Winter,India,Alicia Cooper,Skiing,,31
1975,Winter,India,Alejandra Franklin,Figure Skating,Gold,33
1975,Winter,Japan,Shannon Thompson,Ice Hockey,Silver,22
1975,Winter,Germany,Joshua Livingston,Bobsleigh,,28
1975,Winter,South Africa,Lauren Dominguez,Biathlon,Silver,32
1975,Winter,Russia,Gabrielle Lambert,Speed Skating,,30
1975,Winter,South Africa,Tonya Simpson,Snowboarding,,27
1975,Winter,India,Kimberly Fisher,Ice Hockey,Bronze,18
1975,Winter,South Korea,Michael Davis,Biathlon,Gold,28
1975,Winter,Germany,Susan Welch,Curling,Gold,20
1975,Winter,Italy,Ryan Booth,Figure Skating,,29
1975,Winter,Italy,Christopher Heath,Bobsleigh,Bronze,33
1975,Winter,China,Julie Morgan,Skiing,,39
1975,Winter,South Korea,Lucas Harris,Ice Hockey,Silver,18
1975,Winter,Canada,Elizabeth Wilson,Figure Skating,,23
1975,Winter,India,Shane Robbins,Biathlon,Bronze,35
1975,Winter,Italy,Sarah Martin,Snowboarding,Silver,28
1975,Winter,South Korea,Gary Hall,Curling,,30
1975,Winter,USA,Diana Moore,Curling,Silver,23
1975,Winter,China,Jaime Snow,Skiing,Bronze,30
1975,Winter,USA,Joseph Hunter,Bobsleigh,Gold,24
1975,Winter,South Africa,Amy Wilson,Ice Hockey,Gold,31
1975,Winter,UK,Leslie Richardson,Biathlon,Bronze,18
1975,Winter,Germany,Nancy Miller,Curling,,18
1975,Winter,USA,David Nelson,Figure Skating,,37
1975,Winter,Japan,Christine Spears,Skiing,Bronze,35
1975,Winter,Russia,Heidi Price,Speed Skating,Silver,34
1975,Winter,Italy,Stephanie Anderson,Snowboarding,Gold,23
1975,Winter,France,Rebecca Kennedy,Speed Skating,Gold,27
1975,Winter,UK,Phillip Mathis,Figure Skating,,39
1975,Winter,France,Natalie Odonnell,Bobsleigh,Gold,34
1975,Winter,India,Kelly Guzman,Biathlon,,37
1975,Winter,France,Karen Hunt,Snowboarding,Gold,39
1975,Winter,USA,Savannah Martinez,Ice Hockey,Bronze,26
1975,Winter,USA,Brooke Rosales,Curling,,19
1975,Winter,UK,Anna Clay,Speed Skating,,29
1975,Winter,Australia,Angela Nelson,Snowboarding,Bronze,32
1975,Winter,India,Brooke Williams,Bobsleigh,,33
1975,Winter,Germany,Daniel Osborn,Ice Hockey,Gold,21
1975,Winter,Canada,Jessica Hickman,Skiing,Gold,24
1975,Winter,Russia,Sherry Garcia,Ice Hockey,,35
1975,Winter,France,Jennifer Alvarez,Biathlon,,25
1975,Winter,Russia,Lisa Gardner,Speed Skating,Bronze,31
1975,Winter,Japan,Chris Campbell,Curling,,22
1975,Winter,Australia,Lisa Jackson,Skiing,Gold,29
1975,Winter,UK,Deanna Harris MD,Biathlon,,18
1975,Winter,France,Caleb Hoffman,Skiing,,31
1975,Winter,Italy,Ricky Andrews,Speed Skating,Gold,20
1975,Winter,China,Christian Sharp,Ice Hockey,Silver,38
1975,Winter,France,Jacob Thomas,Bobsleigh,Bronze,25
1975,Winter,China,Christina Choi,Speed Skating,Silver,34
1975,Winter,India,Bryan Mcbride,Speed Skating,Silver,36
1975,Winter,South Korea,Natasha Stone,Bobsleigh,Gold,19
1975,Winter,Russia,Julie Vaughn,Skiing,Silver,36
1975,Winter,USA,Mary Ferguson DDS,Figure Skating,Bronze,28
1975,Winter,China,Janet Garcia,Snowboarding,Bronze,30
1975,Winter,Italy,James Rivers,Bobsleigh,,22
1975,Winter,UK,Matthew Walters,Snowboarding,Gold,20
1975,Winter,South Africa,Kristi Cruz,Snowboarding,Bronze,22
1975,Winter,South Africa,Yvonne Kerr,Bobsleigh,Gold,28
1975,Winter,USA,Courtney Santana,Biathlon,Bronze,20
1975,Winter,France,Gabriela Gonzalez,Speed Skating,Bronze,19
1975,Winter,China,Cassandra Ruiz,Speed Skating,Silver,25
1975,Winter,Germany,Nicole Ortiz,Snowboarding,,25
1975,Winter,USA,Ashley Rivas,Snowboarding,,39
1975,Winter,UK,Courtney Gonzalez,Curling,Bronze,21
1975,Winter,South Africa,Larry Smith,Speed Skating,Gold,18
1975,Winter,Canada,Amy Zimmerman,Skiing,,34
1975,Winter,Australia,Steven Ellison,Biathlon,,39
1975,Winter,India,Teresa Cantrell,Snowboarding,Bronze,28
1975,Winter,France,Amy Morrow,Biathlon,Bronze,19
1975,Winter,Canada,Kristin Thompson,Bobsleigh,Bronze,27
1975,Winter,South Africa,Austin Edwards,Figure Skating,Bronze,20
1975,Winter,Australia,Jonathan Sanchez,Speed Skating,Gold,31
1975,Winter,India,Justin Taylor,Skiing,Silver,29
1975,Winter,Brazil,Alejandra Day,Speed Skating,Bronze,34
1975,Winter,Canada,Daniel Higgins,Bobsleigh,Gold,24
1975,Winter,Canada,Mike Porter,Biathlon,Gold,37
1975,Winter,Russia,Joseph Atkinson,Curling,,27
1975,Winter,UK,Michael Taylor,Speed Skating,,21
1975,Winter,India,Mary Jackson,Snowboarding,Silver,31
1975,Winter,South Korea,Brian Cruz,Ice Hockey,Silver,31
1975,Winter,USA,Christopher Oliver,Figure Skating,Silver,23
1975,Winter,UK,Juan Jacobson,Skiing,Gold,35
1975,Winter,Japan,Raymond Williams,Ice Hockey,,32
1975,Winter,USA,Steve Grant,Biathlon,Gold,23
1975,Winter,Canada,Dr. Jerry Sutton,Snowboarding,Gold,21
1975,Winter,Germany,Christy Cunningham,Figure Skating,,19
1975,Winter,Russia,Jacqueline Nelson,Skiing,Bronze,29
1975,Winter,Australia,Deborah Ward,Ice Hockey,Silver,27
1975,Winter,France,Robert Arnold,Speed Skating,Bronze,30
1975,Winter,Japan,Michael Harper,Ice Hockey,Silver,40
1975,Winter,Italy,Brendan Mora Jr.,Skiing,Silver,26
1975,Winter,Italy,Daniel French,Snowboarding,Bronze,18
1975,Winter,Brazil,Christine Garcia,Curling,,22
1975,Winter,Australia,Susan Allen,Snowboarding,Bronze,18
1975,Winter,Germany,Deborah Anderson,Snowboarding,Gold,29
1975,Winter,South Korea,Andre Yu,Bobsleigh,,29
1975,Winter,China,John Walters,Curling,Bronze,34
1975,Winter,Russia,Nicholas Perez,Figure Skating,Silver,25
1975,Winter,Australia,Joshua Duncan,Snowboarding,Bronze,26
1975,Winter,Russia,Krystal Rodriguez,Skiing,Gold,29
1975,Winter,France,Christine Howard,Speed Skating,,37
1975,Winter,Australia,Sheryl Taylor,Figure Skating,Silver,33
1975,Winter,China,David Richards,Curling,Bronze,22
1975,Winter,UK,Joshua Welch,Curling,,22
1975,Winter,UK,Stephen Lynch,Biathlon,,19
1975,Winter,Australia,Cheryl Gaines,Biathlon,,39
1975,Winter,France,Patrick Bates,Figure Skating,Silver,39
1975,Winter,South Korea,Laura Short,Bobsleigh,,31
1975,Winter,Japan,Ann Miller,Skiing,Silver,20
1975,Winter,USA,Franklin Cook,Ice Hockey,Gold,30
1975,Winter,USA,Stacey Morris,Figure Skating,Bronze,18
1975,Winter,India,Brandon Wise,Ice Hockey,Silver,18
1975,Winter,Canada,April Jordan,Speed Skating,Bronze,30
1975,Winter,Australia,Lee Garza,Biathlon,,36
1975,Winter,France,Lori Richards,Biathlon,Bronze,23
1975,Winter,Australia,Christine Harper,Speed Skating,Silver,37
1975,Winter,France,Jessica Snow,Ice Hockey,Gold,19
1975,Winter,Italy,Sherri Green,Skiing,Gold,23
1975,Winter,South Africa,Sharon Saunders,Figure Skating,Gold,37
1975,Winter,Italy,Adrian Gardner,Speed Skating,Gold,24
1975,Winter,South Africa,Jason Burke,Ice Hockey,Silver,21
1975,Winter,Canada,Peter Campbell,Speed Skating,Silver,31
1975,Winter,India,Stephen Johnson,Ice Hockey,Bronze,30
1975,Winter,Germany,Diane Douglas,Bobsleigh,Bronze,18
1975,Winter,Australia,Clifford Estrada,Ice Hockey,Bronze,38
1975,Winter,France,Jennifer Johnson,Snowboarding,Gold,19
1975,Winter,USA,Nicholas Moore,Skiing,Bronze,30
1975,Winter,Japan,Tracy Sullivan,Bobsleigh,Bronze,27
1975,Winter,China,Mr. Marc Orr,Snowboarding,Gold,24
1975,Winter,South Korea,Chad Hudson,Curling,Gold,38
1975,Winter,India,Charles Knight,Snowboarding,Silver,20
1975,Winter,USA,Joseph Blackwell,Skiing,Silver,39
1975,Winter,India,Mary Pope,Skiing,,29
1975,Winter,Italy,Stacey Jefferson,Snowboarding,Bronze,35
1975,Winter,South Africa,Brenda Griffin,Biathlon,Bronze,20
1975,Winter,UK,Thomas Finley,Figure Skating,Gold,30
1975,Winter,France,Daniel Whitney,Speed Skating,Gold,31
1975,Winter,Germany,Kristina White,Biathlon,Gold,38
1975,Winter,China,Jeremy Webb,Skiing,Gold,18
1975,Winter,India,Katherine Nelson,Curling,,22
1975,Winter,South Korea,Kelly Patrick,Curling,Silver,28
1975,Winter,France,Mary Medina,Biathlon,,24
1975,Winter,China,Raven Moore,Snowboarding,Silver,29
1975,Winter,Brazil,David Miller,Speed Skating,Silver,19
1975,Winter,Italy,Kimberly Ramirez,Bobsleigh,Silver,35
1975,Winter,Brazil,Gary Trujillo,Ice Hockey,,21
1975,Winter,USA,Todd Burns,Bobsleigh,Gold,38
1975,Winter,USA,Katelyn Ferguson,Figure Skating,,40
1975,Winter,China,James Burns,Biathlon,Gold,27
1975,Winter,Germany,Judith Ferguson,Ice Hockey,,39
1975,Winter,China,Danielle Day,Snowboarding,Gold,36
1975,Winter,Japan,Mary Cannon,Biathlon,,34
1975,Winter,South Korea,Shelly Cooper,Biathlon,Silver,29
1975,Winter,South Korea,Kimberly Beck,Biathlon,Bronze,33
1975,Winter,USA,Traci Juarez,Ice Hockey,Gold,34
1975,Winter,USA,Julie Henry,Figure Skating,,26
1975,Winter,France,Randy Ward,Skiing,Gold,19
1975,Winter,China,Garrett Williams IV,Skiing,Bronze,22
1975,Winter,USA,Manuel Arnold,Skiing,,34
1975,Winter,Brazil,Jimmy Bishop,Curling,Bronze,37
1975,Winter,Brazil,Alison Jones,Snowboarding,Silver,39
1975,Winter,China,Randy Rojas,Skiing,Silver,33
1975,Winter,Australia,Crystal Elliott,Skiing,Bronze,23
1975,Winter,France,Daniel Baker,Skiing,,34
1975,Winter,Brazil,Tracy Carr,Speed Skating,Silver,37
1975,Winter,Russia,Katrina Bowen,Skiing,Silver,19
1975,Winter,Italy,Gerald Herrera,Figure Skating,Bronze,33
1975,Winter,South Korea,Miguel Stewart,Speed Skating,Gold,22
1975,Winter,Germany,Ryan Martin,Snowboarding,Gold,35
1975,Winter,China,Reginald Navarro,Speed Skating,Bronze,26
1975,Winter,Russia,Sarah Harrington,Ice Hockey,,34
1975,Winter,USA,Danielle Mcdaniel,Ice Hockey,Silver,19
1975,Winter,Canada,Christopher Owens,Skiing,,40
1975,Winter,Germany,Caitlin Carrillo,Curling,,25
1975,Winter,China,Mr. Larry Pennington,Biathlon,,28
1975,Winter,Brazil,Zachary Baird,Biathlon,,27
1975,Winter,India,George Torres,Skiing,Bronze,25
1975,Winter,India,Robert Larson,Curling,Silver,18
1975,Winter,USA,Anthony Johns,Snowboarding,Silver,38
1975,Winter,UK,Shannon Adams,Snowboarding,Bronze,32
1975,Winter,India,Edwin Lee,Figure Skating,Bronze,37
1975,Winter,UK,Michael Phillips,Snowboarding,Gold,19
1975,Winter,France,Catherine Allison,Ice Hockey,Silver,18
1975,Winter,Brazil,Philip Williams,Biathlon,Gold,38
1975,Winter,UK,Patrick Mitchell,Bobsleigh,,27
1975,Winter,Japan,Angela Carroll,Skiing,Gold,39
1975,Winter,UK,Timothy Garcia,Biathlon,Silver,22
1975,Winter,China,Michael Lopez,Snowboarding,Silver,37
1975,Winter,India,Patricia Bradford,Figure Skating,Silver,30
1975,Winter,UK,Lindsey Brady,Bobsleigh,Bronze,36
1975,Winter,India,Cindy Owens,Curling,Silver,31
1975,Winter,France,Stephen Cruz,Bobsleigh,,23
1975,Winter,South Korea,Rebecca Brown,Bobsleigh,,24
1975,Winter,Germany,Elizabeth Mcdonald,Bobsleigh,Gold,22
1975,Winter,USA,Paul Mcgee,Biathlon,Gold,37
1975,Winter,Canada,James Blair,Speed Skating,Silver,35
1975,Winter,South Africa,Tyler Allen,Ice Hockey,,33
1975,Winter,Australia,Monica Brooks,Bobsleigh,Bronze,39
1975,Winter,Russia,Joshua Williams,Ice Hockey,Bronze,39
1975,Winter,Italy,Robert Matthews,Ice Hockey,Silver,33
1975,Winter,Canada,John Madden,Curling,Gold,33
1975,Winter,Germany,Peter Brooks,Figure Skating,,29
1975,Winter,France,Jeanette Tate,Figure Skating,,31
1975,Winter,UK,Kevin Brown,Speed Skating,,25
1975,Winter,China,Marc Hall,Bobsleigh,Silver,34
1975,Winter,South Korea,Katherine Mays,Snowboarding,Silver,20
1975,Winter,UK,Debbie James,Curling,,18
1975,Winter,Japan,Melissa Graham,Bobsleigh,,27
1975,Winter,USA,Tonya Snyder,Snowboarding,Bronze,20
1975,Winter,Japan,Ryan Rogers,Skiing,,34
1975,Winter,USA,Andre Reynolds,Speed Skating,Gold,35
1975,Winter,Germany,Alan Rivera,Snowboarding,Silver,24
1975,Winter,Japan,Kenneth Robertson,Biathlon,Bronze,21
1975,Winter,UK,Barbara Mcconnell,Curling,Silver,24
1975,Winter,Brazil,David Dean,Figure Skating,Bronze,27
1975,Winter,India,Linda Holt,Speed Skating,Silver,38
1975,Winter,Australia,Justin Andrews,Speed Skating,Gold,38
1975,Winter,Italy,Kimberly Wilcox,Skiing,Silver,29
1975,Winter,China,Darryl Hancock,Speed Skating,Bronze,23
1975,Winter,France,Deborah Maxwell,Biathlon,Gold,20
1975,Winter,India,Jody Kramer,Bobsleigh,Gold,23
1975,Winter,France,Matthew Flores,Ice Hockey,Bronze,26
1975,Winter,Canada,Megan Jones,Figure Skating,Gold,39
1975,Winter,South Korea,Matthew Lozano,Ice Hockey,,36
1975,Winter,South Africa,Kimberly Bauer,Figure Skating,Gold,27
1975,Winter,Italy,Steven Fuller,Bobsleigh,Bronze,18
1975,Winter,Australia,Brandon Baker,Ice Hockey,Bronze,28
1975,Winter,Russia,Leah Kent,Snowboarding,Silver,37
1975,Winter,China,Michelle Leonard,Biathlon,Bronze,18
1975,Winter,China,Thomas Meyer,Ice Hockey,Gold,38
1975,Winter,South Africa,Lee Rasmussen,Ice Hockey,Gold,30
1975,Winter,Germany,Amy Simmons,Figure Skating,Bronze,28
1975,Winter,Japan,Maria Hale,Speed Skating,Gold,18
1975,Winter,South Africa,Stacy Robinson,Biathlon,Bronze,40
1975,Winter,South Africa,Patty Winters,Speed Skating,Bronze,18
1975,Winter,Canada,Mrs. Lori Knight,Ice Hockey,Bronze,37
1975,Winter,China,John Taylor,Biathlon,Bronze,21
1975,Winter,UK,Mackenzie Thomas,Skiing,Gold,34
1975,Winter,South Africa,Jamie Duncan,Skiing,Bronze,40
1975,Winter,Germany,Alexander Sandoval,Snowboarding,Bronze,36
1975,Winter,Canada,Jason Welch,Ice Hockey,Bronze,35
1975,Winter,Australia,Donald Grant,Speed Skating,,23
1975,Winter,Japan,Ashley Ford,Bobsleigh,Gold,29
1975,Winter,France,Nicholas Shaffer,Snowboarding,,24
1975,Winter,Australia,Terri Watts,Bobsleigh,Bronze,18
1975,Winter,France,Donna Maldonado,Biathlon,Silver,38
1975,Winter,Brazil,Benjamin Fisher,Ice Hockey,,24
1975,Winter,UK,Zachary Ortiz,Figure Skating,Gold,19
1975,Winter,USA,Chris Ortiz,Ice Hockey,Gold,18
1975,Winter,India,Matthew Snyder,Skiing,Bronze,25
1975,Winter,France,Tiffany Smith,Curling,Bronze,32
1975,Winter,Japan,Jean Sanchez,Biathlon,,34
1975,Winter,Russia,Craig Potter,Ice Hockey,,18
1975,Winter,Italy,Neil Johnson,Snowboarding,Gold,29
1975,Winter,Brazil,Dawn Thomas,Skiing,Silver,22
1975,Winter,Brazil,Stephen Barron MD,Curling,Silver,28
1975,Winter,USA,Jason Jones,Ice Hockey,Silver,29
1975,Winter,USA,Cynthia Hernandez,Skiing,Bronze,21
1975,Winter,South Africa,Michael Stone,Curling,,20
1975,Winter,France,Allison Acosta,Snowboarding,,31
1975,Winter,Germany,Morgan Baird,Speed Skating,Bronze,39
1975,Winter,Japan,Morgan Gonzalez,Biathlon,,18
1975,Winter,Russia,Timothy Smith,Curling,Bronze,26
1975,Winter,France,Rhonda Rose,Speed Skating,Gold,27
1975,Winter,Canada,Eric Pitts,Speed Skating,Gold,18
1975,Winter,Japan,Michael Lloyd,Snowboarding,Bronze,28
1975,Winter,Brazil,Jamie Phillips,Speed Skating,,39
1975,Winter,South Korea,Jacob Nguyen,Skiing,,35
1975,Winter,South Korea,Wesley Collins,Snowboarding,,33
1975,Winter,USA,Lisa Bishop,Curling,Silver,38
1975,Winter,Germany,Christina Hayes,Skiing,,25
1975,Winter,Australia,Ross Martinez,Figure Skating,Silver,34
1975,Winter,UK,Lori Lopez,Speed Skating,Silver,31
1975,Winter,Australia,Zachary Anderson,Figure Skating,Gold,32
1975,Winter,Russia,Renee Henson,Curling,Bronze,36
1975,Winter,South Korea,Kelly Walker,Figure Skating,Bronze,26
1975,Winter,Italy,Whitney Smith,Snowboarding,Silver,33
1975,Winter,Italy,Laura Thompson,Figure Skating,,35
1975,Winter,Germany,Amy Hudson,Snowboarding,,26
1975,Winter,Australia,Brenda Robinson,Ice Hockey,Bronze,19
1975,Winter,South Korea,Robert Martinez,Snowboarding,,27
1975,Winter,China,Briana Thompson,Bobsleigh,Bronze,21
1975,Winter,UK,Mark Molina,Bobsleigh,Gold,35
1975,Winter,France,Anthony Krause MD,Biathlon,Bronze,18
1975,Winter,USA,Rachel Robertson,Curling,Silver,18
1975,Winter,UK,Jonathan Sullivan,Ice Hockey,Gold,38
1975,Winter,Russia,Matthew Green,Biathlon,Silver,27
1975,Winter,India,Samantha Gutierrez,Speed Skating,Silver,29
1975,Winter,Australia,Howard Hernandez,Snowboarding,,18
1975,Winter,Russia,Alejandro Smith,Skiing,Gold,26
1975,Winter,China,Carlos Park,Skiing,Silver,29
1975,Winter,Australia,Mallory Mccoy,Curling,Gold,29
1975,Winter,Russia,Teresa Obrien,Biathlon,Gold,23
1975,Winter,France,William Jones,Snowboarding,,36
1975,Winter,Germany,Kaitlin Thomas,Ice Hockey,Bronze,39
1975,Winter,UK,Michael Walker,Ice Hockey,,26
1975,Winter,France,Angela Johnson,Figure Skating,,31
1975,Winter,Brazil,Mrs. Renee Holmes DVM,Curling,Bronze,21
1975,Winter,France,Sheri Alexander,Speed Skating,Bronze,22
1975,Winter,USA,Kenneth King,Skiing,Gold,34
1975,Winter,China,Katelyn Hopkins,Speed Skating,,22
1975,Winter,South Korea,Jeffrey Haynes,Biathlon,Gold,39
1975,Winter,Germany,Matthew Greene,Ice Hockey,,31
1975,Winter,France,Michael Whitaker,Speed Skating,,28
1975,Winter,USA,Allen Wilson,Snowboarding,Bronze,18
1975,Winter,Italy,Angela Robinson,Biathlon,Gold,38
1975,Winter,South Africa,Bryan Robinson,Curling,,23
1975,Winter,South Korea,Jennifer Turner DVM,Ice Hockey,Silver,23
1975,Winter,Germany,Christopher Oneill,Bobsleigh,Gold,33
1975,Winter,Australia,Sarah Thompson,Biathlon,Gold,32
1975,Winter,Italy,Jamie Nguyen,Bobsleigh,Gold,29
1975,Winter,USA,Mrs. Teresa Parker,Figure Skating,Silver,25
1975,Winter,USA,Marissa Trujillo,Figure Skating,Silver,40
1975,Winter,Canada,Anthony Kaiser,Snowboarding,Silver,21
1975,Winter,UK,Wayne Tanner,Curling,Silver,32
1975,Winter,UK,Michael Mccoy,Snowboarding,Gold,35
1975,Winter,Russia,Taylor Barker,Skiing,Bronze,36
1975,Winter,Brazil,Elizabeth Taylor,Biathlon,Gold,29
1975,Winter,Canada,Scott Adams,Snowboarding,Bronze,39
1975,Winter,South Korea,Carmen Brown,Ice Hockey,Silver,37
1975,Winter,South Korea,Christine Tran,Figure Skating,,36
1975,Winter,Japan,Ian Ward,Speed Skating,Silver,35
1975,Winter,Germany,Alexander Williams,Biathlon,Silver,27
1975,Winter,South Africa,Jonathan Morrison,Bobsleigh,Silver,23
1975,Winter,South Africa,Katie Joseph,Snowboarding,Bronze,37
1975,Winter,Canada,Olivia Ruiz,Biathlon,Gold,35
1975,Winter,Japan,Elijah Lowery,Skiing,Silver,40
1975,Winter,South Korea,Benjamin Williams,Ice Hockey,Bronze,39
1975,Winter,South Korea,Darrell Stevenson,Curling,,24
1975,Winter,Italy,Robert Meadows,Speed Skating,,40
1975,Winter,China,Brendan Booker,Skiing,Gold,20
1975,Winter,UK,Jimmy Howard,Skiing,,25
1975,Winter,South Korea,Meredith Thompson,Skiing,Gold,25
1975,Winter,South Korea,Rachel Ortiz,Snowboarding,Silver,19
1975,Winter,South Africa,Victoria Holloway,Speed Skating,Bronze,35
1975,Winter,France,Hailey Stein,Figure Skating,Gold,34
1975,Winter,Canada,Taylor Long,Biathlon,Silver,33
1975,Winter,Italy,Evan Hansen,Biathlon,Silver,39
1975,Winter,South Africa,Karen Lopez,Biathlon,Silver,18
1975,Winter,Russia,Jonathan Cook,Snowboarding,Bronze,19
1975,Winter,South Korea,Nicole Bush,Figure Skating,Silver,24
1975,Winter,Russia,Sergio Maxwell,Skiing,Bronze,33
1975,Winter,Australia,Erik Erickson,Ice Hockey,Bronze,35
1975,Winter,Canada,Dillon Porter,Figure Skating,,20
1975,Winter,Australia,Michael Bush,Bobsleigh,,27
1975,Winter,Italy,David Walton,Speed Skating,,32
1975,Winter,Germany,Amanda Mueller,Curling,,23
1975,Winter,Japan,Jessica Scott,Ice Hockey,Gold,24
1975,Winter,India,Rodney Collins,Ice Hockey,Gold,34
1975,Winter,Germany,David Thompson MD,Ice Hockey,Silver,36
1975,Winter,China,Misty Gardner,Ice Hockey,Gold,19
1975,Winter,Italy,Robert Ward,Speed Skating,,25
1975,Winter,Japan,Claire Rodriguez,Curling,Gold,23
1975,Winter,Canada,Suzanne Bolton,Speed Skating,,35
1975,Winter,Germany,Cesar Lewis,Skiing,Bronze,26
1975,Winter,UK,Lauren Johnson,Speed Skating,Bronze,35
1975,Winter,USA,Jason Everett,Speed Skating,Silver,23
1975,Winter,Japan,Michael Smith,Biathlon,Gold,25
1975,Winter,South Africa,Cassandra Moreno,Snowboarding,,27
1975,Winter,UK,Michael Perry,Ice Hockey,Bronze,35
1975,Winter,Brazil,Michael Shepherd,Snowboarding,Bronze,30
1975,Winter,Germany,Evan Alvarez,Curling,Gold,27
1975,Winter,Russia,Jose Castillo,Ice Hockey,,20
1975,Winter,Germany,Tara Davis,Curling,,32
1975,Winter,Canada,Taylor Gregory,Biathlon,Bronze,35
1975,Winter,Germany,Christopher Cole,Bobsleigh,,26
1975,Winter,Brazil,Sharon Austin,Figure Skating,Gold,32
1975,Winter,Russia,Dennis Manning,Curling,,29
1975,Winter,Brazil,Corey Berry,Biathlon,,29
1975,Winter,Japan,Mitchell Kane,Snowboarding,,36
1975,Winter,Japan,Joyce Allen,Curling,Silver,35
1975,Winter,South Korea,Nathaniel Lam,Figure Skating,Gold,32
1975,Winter,China,Dylan Mathis,Bobsleigh,Gold,19
1975,Winter,Japan,Amanda Lucas,Skiing,,22
1975,Winter,Brazil,Kimberly Moran,Bobsleigh,Silver,19
1975,Winter,Canada,William Smith,Biathlon,,28
1975,Winter,Brazil,Morgan Reilly,Snowboarding,,18
1975,Winter,India,Elizabeth Horne,Figure Skating,Gold,38
1975,Winter,France,Jasmine Stewart,Biathlon,Silver,19
1975,Winter,Canada,Eric Foley,Snowboarding,Gold,37
1975,Winter,Japan,Laura Williams,Speed Skating,Silver,18
1975,Winter,Italy,Melanie Hunt,Figure Skating,Bronze,19
1975,Winter,Germany,Sarah Green,Bobsleigh,,39
1975,Winter,France,Kimberly Lee,Speed Skating,,28
1975,Winter,France,Christopher Chapman,Bobsleigh,Bronze,21
1975,Winter,UK,Julie Daniels,Bobsleigh,Silver,30
1975,Winter,South Africa,Richard Martinez,Bobsleigh,,40
1975,Winter,Germany,Christine Barrett,Bobsleigh,Bronze,33
1975,Winter,UK,Elizabeth Mcclain,Snowboarding,Silver,29
1975,Winter,Canada,Philip Frank,Snowboarding,,29
1975,Winter,Australia,Breanna Castro,Figure Skating,Gold,37
1975,Winter,Canada,Teresa Huynh,Ice Hockey,Gold,29
1975,Winter,Germany,William Pace,Figure Skating,,20
1975,Winter,Russia,Jennifer Mendez,Speed Skating,Gold,34
1975,Winter,UK,Michael Kennedy,Skiing,Gold,39
1975,Winter,UK,Megan Beasley,Biathlon,Silver,27
1975,Winter,Japan,Brittney Nguyen,Biathlon,Bronze,32
1975,Winter,India,Julie Cook,Speed Skating,Silver,29
1975,Winter,Germany,Margaret Foster MD,Biathlon,,29
1975,Winter,China,Nancy Davis,Biathlon,Bronze,27
1975,Winter,Germany,James Miller,Snowboarding,Gold,19
1975,Winter,France,Victoria Woods,Figure Skating,Bronze,26
1975,Winter,Australia,Jacob Payne,Ice Hockey,Bronze,32
1975,Winter,UK,Justin Hooper,Ice Hockey,Bronze,20
1975,Winter,USA,Thomas Brown,Skiing,Gold,26
1975,Winter,India,Dennis Roy,Bobsleigh,,27
1975,Winter,Italy,Brenda Edwards,Curling,Gold,23
1975,Winter,Australia,Lisa Mcclure,Skiing,Bronze,39
1975,Winter,UK,Stacey Anderson DVM,Skiing,,32
1975,Winter,South Africa,Paul Reyes,Ice Hockey,,22
1975,Winter,France,Brenda Gilbert,Skiing,Bronze,30
1975,Winter,Brazil,Sabrina Smith,Figure Skating,Silver,22
1975,Winter,France,Adam Green,Bobsleigh,,32
1975,Winter,India,Rachel Whitaker,Snowboarding,Gold,40
1975,Winter,Canada,Brandon Stewart,Speed Skating,Bronze,29
1975,Winter,Japan,Melinda Young,Skiing,Bronze,36
1975,Winter,China,Virginia Castaneda,Skiing,,29
1975,Winter,China,Carl White,Biathlon,,22
1975,Winter,Russia,Kathleen Arellano,Bobsleigh,Gold,24
1975,Winter,USA,Katherine Clark,Skiing,Bronze,20
1975,Winter,Italy,Daniel Glenn,Curling,,31
1975,Winter,Canada,Ann Guerra,Skiing,Gold,34
1975,Winter,Australia,Maria Perez,Biathlon,Gold,38
1975,Winter,Australia,Melissa Griffin,Bobsleigh,Gold,32
1975,Winter,Russia,Mr. Steven Horton PhD,Biathlon,Gold,26
1975,Winter,India,Michael Taylor,Biathlon,,21
1975,Winter,South Africa,Nicole Ryan,Bobsleigh,Silver,35
1975,Winter,UK,Christina Taylor,Skiing,Silver,35
1975,Winter,USA,Justin Ramirez,Figure Skating,Bronze,29
1975,Winter,South Africa,Stephanie Friedman,Ice Hockey,Bronze,33
1975,Winter,India,Sherri Stevenson,Skiing,,25
1975,Winter,Italy,Rebecca Williams,Speed Skating,Silver,26
1975,Winter,UK,Brett Turner,Figure Skating,,23
1975,Winter,USA,Heather Moore,Curling,,19
1975,Winter,UK,Paul Vargas,Figure Skating,Gold,28
1975,Winter,India,James Newton,Biathlon,Silver,28
1975,Winter,France,Derek Moore,Biathlon,Gold,34
1975,Winter,USA,Barbara Rodriguez,Ice Hockey,Silver,25
1975,Winter,USA,Randall Lopez,Skiing,Bronze,31
1975,Winter,Japan,Ricardo Horton,Figure Skating,Gold,28
1975,Winter,USA,Kelly Escobar,Skiing,Silver,31
1975,Winter,Japan,Robert Phillips,Snowboarding,Gold,19
1975,Winter,South Korea,Michelle Buck,Bobsleigh,Gold,29
1975,Winter,South Africa,Walter Gibbs,Curling,,20
1975,Winter,India,Allison Walker,Biathlon,Bronze,20
1975,Winter,USA,Jesse Davidson,Bobsleigh,,33
1975,Winter,Canada,James Lewis,Snowboarding,Silver,29
1975,Winter,Germany,Jeffrey Miller,Skiing,Gold,24
1975,Winter,Canada,Jennifer Townsend,Bobsleigh,Bronze,26
1975,Winter,India,Kimberly Montgomery,Bobsleigh,,19
1975,Winter,Germany,Tonya Weaver,Bobsleigh,Gold,23
1975,Winter,Italy,Todd Hernandez,Biathlon,,26
1975,Winter,Canada,Theresa Smith,Figure Skating,Gold,18
1975,Winter,USA,Virginia Gaines,Biathlon,,28
1975,Winter,Brazil,Karen Wilson,Bobsleigh,Bronze,26
1975,Winter,Russia,Joshua Armstrong,Skiing,Gold,34
1975,Winter,UK,Frank Kelly,Bobsleigh,,36
1975,Winter,France,Mr. Joshua Garner Jr.,Speed Skating,Silver,21
1975,Winter,Canada,Mr. Daniel Brown,Figure Skating,Gold,28
1975,Winter,France,Carla Schmidt,Snowboarding,Gold,21
1975,Winter,UK,Cynthia Solis,Biathlon,Gold,31
1975,Winter,France,Alex Moore,Snowboarding,,33
1975,Winter,Russia,Mrs. Carmen Duran,Biathlon,Bronze,34
1975,Winter,Italy,Lisa Gonzalez,Snowboarding,Gold,19
1975,Winter,India,David Campbell,Skiing,Bronze,29
1975,Winter,India,Jasmine Soto,Figure Skating,,29
1975,Winter,India,Don Russell,Speed Skating,,25
1975,Winter,Canada,Jessica Myers,Figure Skating,Bronze,36
1975,Winter,China,Nicholas Thomas,Bobsleigh,Bronze,33
1975,Winter,USA,Bonnie Williams,Curling,Gold,33
1975,Winter,UK,Brandi Hudson,Figure Skating,,37
1975,Winter,Brazil,Brittney Zavala,Biathlon,Silver,35
1975,Winter,Canada,Jill Wilson,Snowboarding,Gold,19
1975,Winter,USA,Christopher Lopez,Snowboarding,Bronze,23
1975,Winter,Brazil,Mariah Castro,Ice Hockey,Bronze,23
1975,Winter,Brazil,Pamela Sullivan,Snowboarding,,35
1975,Winter,Brazil,Victor Rhodes,Bobsleigh,Bronze,29
1975,Winter,South Korea,Anthony Crawford,Biathlon,Gold,29
1975,Winter,UK,Leslie Collins PhD,Snowboarding,Bronze,26
1975,Winter,UK,Gregory Mays,Speed Skating,Silver,27
1975,Winter,Russia,Katherine Ross,Skiing,Silver,36
1975,Winter,UK,Lori Wilson,Ice Hockey,Gold,40
1975,Winter,India,Nicole Moore,Figure Skating,Gold,21
1975,Winter,France,Kelly Roy,Snowboarding,,26
1975,Winter,Italy,Robert Wilkins,Speed Skating,,26
1975,Winter,France,Christopher Brooks,Curling,Gold,35
1975,Winter,UK,Ruben Barnes,Ice Hockey,Silver,29
1975,Winter,Brazil,Jose Williams,Skiing,,19
1975,Winter,Germany,Sandra Hall,Bobsleigh,Silver,30
1975,Winter,Russia,Jacob Vaughn,Speed Skating,Silver,30
1975,Winter,Russia,Jerry Lawrence,Bobsleigh,Bronze,24
1975,Winter,Germany,Joseph Jones,Snowboarding,Silver,35
1975,Winter,USA,Sandra Mccormick,Curling,Bronze,36
1975,Winter,China,Nicholas Jones,Snowboarding,Silver,23
1975,Winter,Russia,Ronald Molina,Curling,Gold,23
1975,Winter,UK,Shelley Turner,Ice Hockey,Bronze,33
1975,Winter,Germany,Stacy Miller,Bobsleigh,Bronze,38
1975,Winter,France,Kristin Mays,Ice Hockey,Silver,22
1975,Winter,Australia,Mark Becker,Figure Skating,Gold,31
1975,Winter,Italy,Aaron Elliott,Figure Skating,,33
1975,Winter,Australia,Jessica Campbell,Figure Skating,,32
1975,Winter,Russia,Edward Reyes,Figure Skating,Silver,32
1975,Winter,South Africa,Joshua Mason,Snowboarding,Silver,28
1975,Winter,USA,Mr. David Mayer,Speed Skating,Bronze,33
1975,Winter,Germany,Rodney Hill,Biathlon,,28
1975,Winter,South Korea,Virginia Harris,Figure Skating,Silver,37
1975,Winter,Italy,Jordan Adams,Figure Skating,Gold,34
1975,Winter,South Korea,Stephanie Miller,Curling,Bronze,37
1975,Winter,Canada,David Houston,Figure Skating,Bronze,24
1975,Winter,China,Jordan Crawford DDS,Biathlon,Silver,40
1975,Winter,Brazil,Sandra Oconnor MD,Bobsleigh,Bronze,35
1975,Winter,France,Anthony Maldonado,Figure Skating,Gold,18
1975,Winter,USA,Carolyn Lewis,Figure Skating,,35
1975,Winter,South Korea,Ryan Shea,Skiing,Silver,23
1975,Winter,Russia,Gary Villarreal,Biathlon,Gold,25
1975,Winter,Japan,Troy Gonzalez,Curling,Silver,34
1975,Winter,Brazil,Chris Peterson,Skiing,Gold,23
1975,Winter,France,Brandon Herman,Biathlon,Gold,31
1975,Winter,South Africa,Michael Wilson,Biathlon,,35
1975,Winter,Australia,Anthony Decker,Ice Hockey,Silver,27
1975,Winter,France,Leslie Collins,Speed Skating,,32
1975,Winter,India,Elizabeth Williams,Bobsleigh,Gold,24
1975,Winter,Germany,Monique Jimenez,Bobsleigh,Bronze,33
1975,Winter,India,Evan Zimmerman,Curling,Silver,39
1975,Winter,South Africa,Timothy Mills,Biathlon,Gold,34
1975,Winter,Japan,Noah Harris,Figure Skating,,40
1975,Winter,Brazil,Amy Marquez,Ice Hockey,,34
1975,Winter,South Korea,Sharon Rodriguez,Bobsleigh,Gold,38
1975,Winter,South Africa,Jason Hamilton,Curling,Gold,33
1975,Winter,China,Andrea Arias,Skiing,Bronze,36
1975,Winter,USA,Jill Robinson,Snowboarding,Silver,31
1975,Winter,Germany,Heather Green,Biathlon,Gold,26
1975,Winter,Russia,Heather Carter,Ice Hockey,,22
1975,Winter,Italy,Sandra Winters,Bobsleigh,Gold,23
1975,Winter,Australia,Jessica Ware,Ice Hockey,,26
1975,Winter,Canada,Whitney Watson,Snowboarding,Bronze,27
1975,Winter,Australia,Mary Figueroa,Bobsleigh,Silver,19
1975,Winter,UK,Sean Harris,Curling,Bronze,35
1975,Winter,Russia,Tammy Sullivan,Ice Hockey,Silver,35
1975,Winter,Australia,Pamela Davis,Curling,,18
1975,Winter,India,Emily Leonard,Ice Hockey,Gold,36
1975,Winter,Germany,Adam Freeman,Biathlon,,22
1975,Winter,South Korea,Mrs. Jennifer Lamb,Speed Skating,Silver,24
1975,Winter,South Korea,Anthony Mendoza,Biathlon,Gold,20
1975,Winter,Australia,Kent Norris,Snowboarding,Gold,23
1975,Winter,UK,Michelle Beltran,Biathlon,Bronze,40
1975,Winter,Russia,Lynn Garcia MD,Bobsleigh,Gold,24
1975,Winter,Russia,Peter Stephens,Skiing,Gold,19
1975,Winter,Germany,Douglas Moore,Speed Skating,,33
1975,Winter,Russia,Manuel Holmes DDS,Figure Skating,Gold,26
1975,Winter,Russia,Blake Schneider,Bobsleigh,,20
1975,Winter,Australia,Juan Morrison,Speed Skating,,18
1975,Winter,South Africa,Jason Norris,Figure Skating,Bronze,36
1975,Winter,Canada,Eric Sanford,Snowboarding,Gold,33
1975,Winter,Germany,Ronald Nelson,Figure Skating,,19
1975,Winter,Brazil,Emily Lawrence,Curling,Silver,19
1975,Winter,UK,Jacob Sutton,Skiing,,32
1975,Winter,UK,Austin Tucker,Curling,Silver,31
1975,Winter,USA,Michael Wright,Curling,Gold,28
1975,Winter,Canada,Sean Gallagher,Biathlon,,18
1975,Winter,USA,Jeffrey Morgan,Snowboarding,,34
1975,Winter,Germany,Katie Anderson,Bobsleigh,,29
1975,Winter,Australia,Michael Bowman,Bobsleigh,Bronze,28
1975,Winter,USA,Emily Fox,Curling,,32
1975,Winter,Australia,Christina Rosales,Snowboarding,Silver,35
1975,Winter,India,Steven Shaw,Bobsleigh,,23
1975,Winter,China,Sheila Harmon,Curling,,25
1975,Winter,China,Miranda Dorsey,Figure Skating,Gold,31
1975,Winter,Australia,Ricardo Martinez,Curling,Gold,29
1975,Winter,Brazil,Joshua Williams,Bobsleigh,Silver,37
1975,Winter,France,Michael Phillips,Snowboarding,Gold,34
1975,Winter,Germany,Adam Hernandez,Snowboarding,Gold,39
1975,Winter,India,Scott Wu,Bobsleigh,Silver,38
1975,Winter,Russia,Derrick Sullivan,Figure Skating,Silver,35
1975,Winter,Italy,Mrs. Krystal Reed,Ice Hockey,Bronze,33
1975,Winter,Japan,Ryan Wilcox,Biathlon,Gold,32
1975,Winter,Canada,Holly Macias,Curling,Bronze,33
1975,Winter,Italy,Rebecca Turner,Snowboarding,,26
1975,Winter,South Africa,Connie Peters,Ice Hockey,Gold,33
1975,Winter,Russia,Ashley Molina,Biathlon,,34
1975,Winter,Canada,Jonathan Cooper,Ice Hockey,Silver,29
1975,Winter,India,Susan Mckenzie,Curling,Bronze,23
1975,Winter,France,Jerry Barnes,Bobsleigh,Gold,31
1975,Winter,Italy,Karen Ford,Biathlon,Gold,29
1975,Winter,South Africa,Travis Wilson,Skiing,Bronze,22
1975,Winter,UK,Michael Hoover,Speed Skating,Gold,30
1975,Winter,UK,Kim Beard,Biathlon,Silver,36
1975,Winter,Brazil,Holly Smith,Bobsleigh,Bronze,35
1975,Winter,France,Ann Jacobson,Skiing,Gold,32
1975,Winter,Canada,Thomas Smith,Skiing,Bronze,36
1975,Winter,Russia,Jennifer Medina,Curling,Bronze,25
1975,Winter,Australia,Joanne Wilson,Skiing,Gold,40
1975,Winter,USA,Matthew Williams,Curling,Gold,32
1975,Winter,Brazil,Mark Yang,Biathlon,,18
1975,Winter,France,Mrs. Stacy Joyce,Figure Skating,Silver,18
1975,Winter,Brazil,Mr. Joseph Maldonado,Biathlon,Gold,39
1975,Winter,USA,Kimberly Hardin,Skiing,Gold,19
1975,Winter,Germany,Valerie Smith,Biathlon,Bronze,20
1975,Winter,France,Sharon Miller,Curling,Bronze,39
1975,Winter,South Africa,Tommy Miranda,Curling,Silver,19
1975,Winter,USA,Roger Massey,Snowboarding,,22
1975,Winter,Russia,John Moore,Bobsleigh,Bronze,34
1975,Winter,Japan,Pamela Richardson,Bobsleigh,Bronze,24
1975,Winter,Australia,Miranda George,Biathlon,Silver,20
1975,Winter,UK,Daisy Jennings,Speed Skating,Gold,32
1975,Winter,France,Maria Butler,Snowboarding,Bronze,40
1975,Winter,France,Jamie Wilkerson,Figure Skating,,27
1975,Winter,South Korea,Daniel Reyes,Snowboarding,Gold,34
1975,Winter,Canada,Bill Schmitt,Skiing,,32
1975,Winter,South Africa,Linda Jones,Figure Skating,Gold,24
1975,Winter,India,Leslie Jones,Speed Skating,Gold,20
1975,Winter,USA,Samuel Johnson,Speed Skating,,29
1975,Winter,Russia,Brenda Mercado,Snowboarding,Gold,28
1975,Winter,France,Julie Robinson,Figure Skating,,32
1975,Winter,Australia,Sarah Taylor,Ice Hockey,Gold,35
1975,Winter,South Africa,Brian Dennis,Snowboarding,Bronze,36
1975,Winter,Germany,Kayla Braun,Bobsleigh,,21
1975,Winter,Australia,Victoria Robbins,Skiing,Gold,19
1975,Winter,Italy,Elizabeth Velasquez,Curling,Gold,25
1975,Winter,Canada,Brandon Murphy,Curling,Gold,37
1975,Winter,South Africa,Jaime Murphy,Ice Hockey,Gold,29
1975,Winter,India,Amanda Brock,Figure Skating,,31
1975,Winter,South Africa,Paula Lynch,Ice Hockey,Silver,25
1975,Winter,Brazil,Deborah Long,Snowboarding,Silver,33
1975,Winter,Japan,Amanda Wade,Biathlon,Gold,32
1975,Winter,France,Kathryn Jordan,Bobsleigh,Silver,28
1975,Winter,UK,Haley Rodriguez,Ice Hockey,Bronze,23
1975,Winter,India,Sara Turner,Curling,Silver,38
1975,Winter,South Korea,Jake Freeman,Snowboarding,,31
1975,Winter,France,Corey Taylor,Biathlon,,19
1975,Winter,India,Joanne Pittman,Biathlon,Silver,33
1975,Winter,Italy,Mario Munoz,Figure Skating,Silver,19
1975,Winter,Japan,Joshua Chan,Figure Skating,Silver,37
1975,Winter,Brazil,David Wilkerson,Snowboarding,Gold,29
1975,Winter,Japan,Randall Moore,Ice Hockey,Gold,40
1975,Winter,Russia,Robin Smith,Skiing,Silver,37
1975,Winter,Italy,Brian Mills,Biathlon,Gold,20
1975,Winter,South Africa,Christopher Evans,Skiing,,19
1975,Winter,USA,Laurie Owens,Biathlon,Gold,20
1975,Winter,France,Anthony Collier,Snowboarding,Bronze,34
1975,Winter,UK,Julie Garcia,Speed Skating,Gold,25
1975,Winter,Russia,Paul Hancock,Biathlon,,31
1975,Winter,France,William Edwards,Skiing,Bronze,22
1975,Winter,India,John Travis,Snowboarding,,28
1975,Winter,China,Nicholas Sanders,Bobsleigh,,30
1975,Winter,Russia,Ronald Macias,Bobsleigh,Bronze,30
1975,Winter,Japan,Kirk Cruz,Skiing,Silver,37
1975,Winter,South Africa,Kayla Miller,Figure Skating,Gold,31
1975,Winter,Australia,Sarah Sparks,Bobsleigh,,37
1975,Winter,Italy,Sherry Tran,Biathlon,Bronze,33
1975,Winter,UK,Ian Horne,Snowboarding,,32
1975,Winter,South Korea,Tiffany Long,Figure Skating,Silver,38
1975,Winter,Australia,Richard Newton,Skiing,,30
1975,Winter,Canada,Jason Whitaker,Bobsleigh,Bronze,25
1975,Winter,India,David Livingston,Skiing,Silver,39
1975,Winter,Brazil,Nicholas Franklin,Figure Skating,Silver,39
1975,Winter,Brazil,Nicole Mccarty,Bobsleigh,,32
1975,Winter,Australia,Chad Blevins,Snowboarding,Bronze,29
1975,Winter,Canada,Gregory Powell,Speed Skating,Bronze,40
1975,Winter,China,Jordan Kelly,Speed Skating,,22
1975,Winter,France,Jack Scott DDS,Biathlon,Silver,30
1975,Winter,Canada,Scott Wilson,Snowboarding,Gold,20
1975,Winter,India,Thomas Nelson,Curling,Silver,21
1975,Winter,India,Aaron Jones,Speed Skating,Bronze,38
1975,Winter,India,Mary Delacruz,Speed Skating,Silver,33
1975,Winter,Russia,Kevin Carter,Curling,,32
1975,Winter,Germany,Linda Rivas,Bobsleigh,Bronze,37
1975,Winter,USA,Jeffrey Walker,Skiing,Bronze,32
1975,Winter,China,William Massey,Ice Hockey,Gold,22
1975,Winter,Germany,Alejandro Ray,Ice Hockey,Gold,21
1975,Winter,Japan,Daniel Haley,Speed Skating,Gold,31
1975,Winter,Australia,Christina York,Figure Skating,,31
1975,Winter,Brazil,Mckenzie Jones,Ice Hockey,Silver,36
1975,Winter,Japan,Mark Wolfe,Skiing,Gold,39
1975,Winter,China,Krystal Hicks,Snowboarding,,23
1975,Winter,Russia,Michael Cameron,Snowboarding,Silver,19
1975,Winter,Australia,Timothy York,Skiing,Bronze,20
1975,Winter,USA,Stacy Chang,Curling,,24
1975,Winter,Italy,Karen Doyle,Biathlon,Gold,24
1975,Winter,Italy,Rebecca Santos,Biathlon,Silver,32
1975,Winter,Canada,Hannah Brock,Bobsleigh,Gold,18
1975,Winter,South Africa,Steve Hicks,Bobsleigh,,18
1975,Winter,South Korea,Daniel Johnston,Bobsleigh,Bronze,18
1975,Winter,Japan,Daniel Campos,Speed Skating,Bronze,38
1975,Winter,Germany,Julia Robinson,Snowboarding,Gold,33
1975,Winter,China,Rhonda Luna,Speed Skating,Silver,37
1975,Winter,France,Elizabeth Bell,Bobsleigh,Gold,24
1975,Winter,China,Madison Campbell,Skiing,,21
1975,Winter,France,Anthony Ross,Figure Skating,Bronze,31
1975,Winter,USA,Katherine Reed,Ice Hockey,Gold,38
1975,Winter,South Korea,Shannon Ramos,Snowboarding,Gold,28
1975,Winter,Germany,Justin Grant,Speed Skating,Bronze,18
1975,Winter,South Korea,Mark Torres,Biathlon,Silver,21
1975,Winter,Brazil,Mr. James Martin MD,Curling,,22
1975,Winter,South Africa,Robin Stanley,Speed Skating,Silver,23
1975,Winter,Russia,Jack Flores,Bobsleigh,,21
1975,Winter,UK,Peter Carter,Snowboarding,Bronze,33
1975,Winter,France,Charles Suarez,Biathlon,Bronze,37
1975,Winter,China,Cassidy Vance,Ice Hockey,Bronze,22
1975,Winter,South Africa,Jessica Camacho,Curling,Silver,21
1975,Winter,Australia,Tyler Pope,Skiing,Silver,22
1975,Winter,Australia,Michael Ferguson,Ice Hockey,Silver,23
1975,Winter,France,Andrew Scott,Skiing,,33
1975,Winter,China,Richard Green,Biathlon,,30
1975,Winter,South Korea,Kelly Little,Biathlon,Gold,35
1975,Winter,South Korea,Anthony Carr,Figure Skating,Silver,25
1975,Winter,India,Debra Moreno,Bobsleigh,Silver,27
1975,Winter,France,Angela Lane,Speed Skating,Silver,28
1975,Winter,South Korea,Dylan Morris,Speed Skating,,20
1975,Winter,Russia,Lawrence Green,Speed Skating,Gold,18
1975,Winter,USA,Debra Mcclure,Speed Skating,Gold,21
1975,Winter,China,Cynthia Castaneda,Skiing,Bronze,32
1975,Winter,Brazil,Charles Underwood,Curling,Bronze,37
1975,Winter,Australia,Stephen Burgess,Figure Skating,Gold,37
1975,Winter,Australia,Misty Hensley,Ice Hockey,Gold,40
1975,Winter,South Africa,Andrea Johnson,Curling,,20
1975,Winter,Japan,Danny Moore,Bobsleigh,,24
1975,Winter,Russia,Hayden Johnson,Skiing,Gold,23
1975,Winter,Brazil,Angela Chambers,Skiing,Bronze,29
1975,Winter,India,Edward Allen,Biathlon,Silver,21
1975,Winter,UK,Monique Brooks,Ice Hockey,Bronze,37
1975,Winter,Brazil,Maria Mathews,Curling,,30
1975,Winter,Brazil,Grace Smith,Ice Hockey,Silver,29
1975,Winter,Canada,Jessica Bryant,Figure Skating,Silver,39
1975,Winter,UK,Mary Pitts,Bobsleigh,,25
1975,Winter,Germany,Diana Kane,Figure Skating,Silver,35
1975,Winter,China,Tanya Galvan,Ice Hockey,Gold,31
1975,Winter,India,Breanna Hughes,Skiing,Bronze,28
1975,Winter,Italy,Jacob Gray,Biathlon,Gold,23
1975,Winter,Italy,Jennifer Smith,Speed Skating,,21
1975,Winter,Canada,Carolyn Brooks DVM,Curling,,25
1975,Winter,France,Grant Walters,Snowboarding,Gold,34
1975,Winter,Australia,Christopher Riley,Ice Hockey,Gold,38
1975,Winter,USA,Jonathan Fitzgerald,Ice Hockey,Silver,37
1975,Winter,Russia,Jeremy Williams,Bobsleigh,Bronze,31
1975,Winter,France,Kimberly Santiago,Skiing,Gold,35
1975,Winter,France,Michael Black,Skiing,Gold,27
1975,Winter,Japan,Joseph Sanchez,Biathlon,Silver,21
1975,Winter,Italy,Vanessa Hoover,Curling,Bronze,28
1975,Winter,Brazil,Jesus Rivera,Figure Skating,Gold,37
1975,Winter,South Africa,Todd Douglas,Skiing,Gold,30
1975,Winter,Italy,Brianna Johnson,Figure Skating,,21
1975,Winter,South Korea,Melanie Evans,Curling,,34
1975,Winter,Germany,Rebecca Robinson,Skiing,Bronze,33
1975,Winter,USA,Monica Mcintyre,Biathlon,Bronze,21
1975,Winter,South Korea,Marcus Haas,Speed Skating,Bronze,26
1975,Winter,USA,William Wilson,Snowboarding,,32
1975,Winter,Australia,Mark Hernandez,Figure Skating,,21
1975,Winter,France,Kimberly Williams,Biathlon,Bronze,33
1975,Winter,Italy,Crystal Dennis,Skiing,Gold,29
1975,Winter,Germany,Eric Lawrence,Ice Hockey,Bronze,37
1975,Winter,UK,Nicole Russell,Skiing,Bronze,27
1975,Winter,South Korea,Candace Hall,Curling,,25
